code,name,kana,market,industry,kana
1301,極洋,キョクヨウ,東証プライム,水産・農林業,キョクヨウ
1332,ニッスイ,ニッスイ,東証プライム,水産・農林業,ニッスイ
1333,マルハニチロ,マルハニチロ,東証プライム,水産・農林業,マルハニチロ
1375,ユキグニファクトリー,ユキグニファクトリー,東証プライム,水産・農林業,ユキグニファクトリー
1377,サカタのタネ,サカタノタネ,東証プライム,水産・農林業,サカタノタネ
1379,ホクト,ホクト,東証プライム,水産・農林業,ホクト
1414,ショーボンドホールディングス,ショーボンドホールディングス,東証プライム,建設業,ショーボンドホールディングス
1417,ミライト・ワン,ミライト・ワン,東証プライム,建設業,ミライト・ワン
1419,タマホーム,タマホーム,東証プライム,建設業,タマホーム
1429,日本アクア,ニホンアクア,東証プライム,建設業,ニホンアクア
1433,ベステラ,ベステラ,東証プライム,建設業,ベステラ
1515,日鉄鉱業,ニッテツコウギョウ,東証プライム,鉱業,ニッテツコウギョウ
1518,三井松島ホールディングス,ミツイマツシマホールディングス,東証プライム,その他製品,ミツイマツシマホールディングス
1605,ＩＮＰＥＸ,ＩＮＰＥＸ,東証プライム,鉱業,ＩＮＰＥＸ
1662,石油資源開発,セキユシゲンカイハツ,東証プライム,鉱業,セキユシゲンカイハツ
1663,Ｋ＆Ｏエナジーグループ,Ｋ＆Ｏエナジーグループ,東証プライム,鉱業,Ｋ＆Ｏエナジーグループ
167A,リョーサン菱洋ホールディングス,リョーサンヒシヨウホールディングス,東証プライム,卸売業,リョーサンヒシヨウホールディングス
1719,安藤・間,アンドウ・アイダ,東証プライム,建設業,アンドウ・アイダ
1720,東急建設,トウキュウケンセツ,東証プライム,建設業,トウキュウケンセツ
1721,コムシスホールディングス,コムシスホールディングス,東証プライム,建設業,コムシスホールディングス
1726,ビーアールホールディングス,ビーアールホールディングス,東証プライム,建設業,ビーアールホールディングス
1762,高松コンストラクショングループ,タカマツコンストラクショングループ,東証プライム,建設業,タカマツコンストラクショングループ
1766,東建コーポレーション,トウケンコーポレーション,東証プライム,建設業,トウケンコーポレーション
1780,ヤマウラ,ヤマウラ,東証プライム,建設業,ヤマウラ
1786,オリエンタル白石,オリエンタルシライシ,東証プライム,建設業,オリエンタルシライシ
1801,大成建設,タイセイケンセツ,東証プライム,建設業,タイセイケンセツ
1802,大林組,オオバヤシグミ,東証プライム,建設業,オオバヤシグミ
1803,清水建設,シミズケンセツ,東証プライム,建設業,シミズケンセツ
1808,長谷工コーポレーション,ハセコウコーポレーション,東証プライム,建設業,ハセコウコーポレーション
1812,鹿島建設,カジマケンセツ,東証プライム,建設業,カジマケンセツ
1813,不動テトラ,フドウテトラ,東証プライム,建設業,フドウテトラ
1814,大末建設,ダイスエケンセツ,東証プライム,建設業,ダイスエケンセツ
1815,鉄建建設,テッケンケンセツ,東証プライム,建設業,テッケンケンセツ
1820,西松建設,ニシマツケンセツ,東証プライム,建設業,ニシマツケンセツ
1833,奥村組,オクムラグミ,東証プライム,建設業,オクムラグミ
1835,東鉄工業,トウテツコウギョウ,東証プライム,建設業,トウテツコウギョウ
1852,淺沼組,アサヌマグミ,東証プライム,建設業,アサヌマグミ
1860,戸田建設,トダケンセツ,東証プライム,建設業,トダケンセツ
1861,熊谷組,クマガイグミ,東証プライム,建設業,クマガイグミ
1870,矢作建設工業,ヤハギケンセツコウギョウ,東証プライム,建設業,ヤハギケンセツコウギョウ
1871,ピーエス・コンストラクション,ピーエス・コンストラクション,東証プライム,建設業,ピーエス・コンストラクション
1873,日本ハウスホールディングス,ニッポンハウスホールディングス,東証プライム,建設業,ニッポンハウスホールディングス
1878,大東建託,ダイトウケンタク,東証プライム,不動産業,ダイトウケンタク
1879,新日本建設,シンニホンケンセツ,東証プライム,建設業,シンニホンケンセツ
1882,東亜道路工業,トウアドウロコウギョウ,東証プライム,建設業,トウアドウロコウギョウ
1885,東亜建設工業,トウアケンセツコウギョウ,東証プライム,建設業,トウアケンセツコウギョウ
1887,日本国土開発,ニホンコクドカイハツ,東証プライム,建設業,ニホンコクドカイハツ
1888,若築建設,ワカチクケンセツ,東証プライム,建設業,ワカチクケンセツ
1893,五洋建設,ゴヨウケンセツ,東証プライム,建設業,ゴヨウケンセツ
1898,世紀東急工業,セイキトウキュウコウギョウ,東証プライム,建設業,セイキトウキュウコウギョウ
1899,福田組,フクダグミ,東証プライム,建設業,フクダグミ
1911,住友林業,スミトモリンギョウ,東証プライム,建設業,スミトモリンギョウ
1925,大和ハウス工業,ダイワハウスコウギョウ,東証プライム,建設業,ダイワハウスコウギョウ
1926,ライト工業,ライトコウギョウ,東証プライム,建設業,ライトコウギョウ
1928,積水ハウス,セキスイハウス,東証プライム,建設業,セキスイハウス
1929,日特建設,ニットクケンセツ,東証プライム,建設業,ニットクケンセツ
1930,北陸電気工事,ホクリクデンキコウジ,東証プライム,建設業,ホクリクデンキコウジ
1934,ユアテック,ユアテック,東証プライム,建設業,ユアテック
1938,日本リーテック,ニホンリーテック,東証プライム,建設業,ニホンリーテック
1939,四電工,ヨンデンコウ,東証プライム,建設業,ヨンデンコウ
1941,中電工,チュウデンコウ,東証プライム,建設業,チュウデンコウ
1942,関電工,カンデンコウ,東証プライム,建設業,カンデンコウ
1944,きんでん,キンデン,東証プライム,建設業,キンデン
1945,東京エネシス,トウキョウエネシス,東証プライム,建設業,トウキョウエネシス
1946,トーエネック,トーエネック,東証プライム,建設業,トーエネック
1949,住友電設,スミトモデンセツ,東証プライム,建設業,スミトモデンセツ
1950,日本電設工業,ニッポンデンセツコウギョウ,東証プライム,建設業,ニッポンデンセツコウギョウ
1951,エクシオグループ,エクシオグループ,東証プライム,建設業,エクシオグループ
1952,新日本空調,シンニホンクウチョウ,東証プライム,建設業,シンニホンクウチョウ
1959,クラフティア,クラフティア,東証プライム,建設業,クラフティア
1961,三機工業,サンキコウギョウ,東証プライム,建設業,サンキコウギョウ
1963,日揮ホールディングス,ニッキホールディングス,東証プライム,建設業,ニッキホールディングス
1964,中外炉工業,チュウガイロコウギョウ,東証プライム,建設業,チュウガイロコウギョウ
1968,太平電業,タイヘイデンギョウ,東証プライム,建設業,タイヘイデンギョウ
1969,高砂熱学工業,タカサゴネツガクコウギョウ,東証プライム,建設業,タカサゴネツガクコウギョウ
1975,朝日工業社,アサヒコウギョウシャ,東証プライム,建設業,アサヒコウギョウシャ
1976,明星工業,メイセイコウギョウ,東証プライム,建設業,メイセイコウギョウ
1979,大氣社,タイキシャ,東証プライム,建設業,タイキシャ
1980,ダイダン,ダイダン,東証プライム,建設業,ダイダン
1982,日比谷総合設備,ヒビヤソウゴウセツビ,東証プライム,建設業,ヒビヤソウゴウセツビ
2001,ニップン,ニップン,東証プライム,食料品,ニップン
2002,日清製粉グループ本社,ニッシンセイフングループホンシャ,東証プライム,食料品,ニッシンセイフングループホンシャ
2004,昭和産業,ショウワサンギョウ,東証プライム,食料品,ショウワサンギョウ
2053,中部飼料,チュウブシリョウ,東証プライム,食料品,チュウブシリョウ
2060,フィード・ワン,フィード・ワン,東証プライム,食料品,フィード・ワン
2108,日本甜菜製糖,ニッポンテンサイセイトウ,東証プライム,食料品,ニッポンテンサイセイトウ
2109,ＤＭ三井製糖,ＤＭミツイセイトウ,東証プライム,食料品,ＤＭミツイセイトウ
2117,ウェルネオシュガー,ウェルネオシュガー,東証プライム,食料品,ウェルネオシュガー
2120,ＬＩＦＵＬＬ,ＬＩＦＵＬＬ,東証プライム,サービス業,ＬＩＦＵＬＬ
2121,ＭＩＸＩ,ＭＩＸＩ,東証プライム,情報・通信業,ＭＩＸＩ
2124,ジェイエイシーリクルートメント,ジェイエイシーリクルートメント,東証プライム,サービス業,ジェイエイシーリクルートメント
2127,日本Ｍ＆Ａセンターホールディングス,ニホンＭ＆Ａセンターホールディングス,東証プライム,サービス業,ニホンＭ＆Ａセンターホールディングス
212A,フィットイージー,フィットイージー,東証プライム,サービス業,フィットイージー
2130,メンバーズ,メンバーズ,東証プライム,サービス業,メンバーズ
2146,ＵＴグループ,ＵＴグループ,東証プライム,サービス業,ＵＴグループ
2148,アイティメディア,アイティメディア,東証プライム,サービス業,アイティメディア
2153,Ｅ・Ｊホールディングス,Ｅ・Ｊホールディングス,東証プライム,サービス業,Ｅ・Ｊホールディングス
2154,オープンアップグループ,オープンアップグループ,東証プライム,サービス業,オープンアップグループ
2157,コシダカホールディングス,コシダカホールディングス,東証プライム,サービス業,コシダカホールディングス
2163,アルトナー,アルトナー,東証プライム,サービス業,アルトナー
2168,パソナグループ,パソナグループ,東証プライム,サービス業,パソナグループ
2170,リンクアンドモチベーション,リンクアンドモチベーション,東証プライム,サービス業,リンクアンドモチベーション
2175,エス・エム・エス,エス・エム・エス,東証プライム,サービス業,エス・エム・エス
2181,パーソルホールディングス,パーソルホールディングス,東証プライム,サービス業,パーソルホールディングス
2198,アイ・ケイ・ケイホールディングス,アイ・ケイ・ケイホールディングス,東証プライム,サービス業,アイ・ケイ・ケイホールディングス
2201,森永製菓,モリナガセイカ,東証プライム,食料品,モリナガセイカ
2206,江崎グリコ,エザキグリコ,東証プライム,食料品,エザキグリコ
2207,ｍｅｉｔｏ,ｍｅｉｔｏ,東証プライム,食料品,ｍｅｉｔｏ
2209,井村屋グループ,イムラヤグループ,東証プライム,食料品,イムラヤグループ
2211,不二家,フジヤ,東証プライム,食料品,フジヤ
2212,山崎製パン,ヤマザキセイパン,東証プライム,食料品,ヤマザキセイパン
2217,モロゾフ,モロゾフ,東証プライム,食料品,モロゾフ
2220,亀田製菓,カメダセイカ,東証プライム,食料品,カメダセイカ
2222,寿スピリッツ,コトブキスピリッツ,東証プライム,食料品,コトブキスピリッツ
2229,カルビー,カルビー,東証プライム,食料品,カルビー
2264,森永乳業,モリナガニュウギョウ,東証プライム,食料品,モリナガニュウギョウ
2266,六甲バター,ロッコウバター,東証プライム,食料品,ロッコウバター
2267,ヤクルト本社,ヤクルトホンシャ,東証プライム,食料品,ヤクルトホンシャ
2269,明治ホールディングス,アキハルホールディングス,東証プライム,食料品,アキハルホールディングス
2270,雪印メグミルク,ユキジルシメグミルク,東証プライム,食料品,ユキジルシメグミルク
2281,プリマハム,プリマハム,東証プライム,食料品,プリマハム
2282,日本ハム,ニッポンハム,東証プライム,食料品,ニッポンハム
2288,丸大食品,マルダイショクヒン,東証プライム,食料品,マルダイショクヒン
2292,Ｓ　Ｆｏｏｄｓ,Ｓ　Ｆｏｏｄｓ,東証プライム,食料品,Ｓ　Ｆｏｏｄｓ
2294,柿安本店,カキヤスホンテン,東証プライム,食料品,カキヤスホンテン
2296,伊藤ハム米久ホールディングス,イトウハムヨネキュウホールディングス,東証プライム,食料品,イトウハムヨネキュウホールディングス
2301,学情,ガクジョウ,東証プライム,サービス業,ガクジョウ
2307,クロスキャット,クロスキャット,東証プライム,情報・通信業,クロスキャット
2317,システナ,システナ,東証プライム,情報・通信業,システナ
2325,ＮＪＳ,ＮＪＳ,東証プライム,サービス業,ＮＪＳ
2326,デジタルアーツ,デジタルアーツ,東証プライム,情報・通信業,デジタルアーツ
2327,日鉄ソリューションズ,ニッテツソリューションズ,東証プライム,情報・通信業,ニッテツソリューションズ
2331,ＡＬＳＯＫ,ＡＬＳＯＫ,東証プライム,サービス業,ＡＬＳＯＫ
2335,キューブシステム,キューブシステム,東証プライム,情報・通信業,キューブシステム
2337,いちご,イチゴ,東証プライム,不動産業,イチゴ
2353,日本駐車場開発,ニホンチュウシャジョウカイハツ,東証プライム,不動産業,ニホンチュウシャジョウカイハツ
2359,コア,コア,東証プライム,情報・通信業,コア
2371,カカクコム,カカクコム,東証プライム,サービス業,カカクコム
2374,セントケア・ホールディング,セントケア・ホールディング,東証プライム,サービス業,セントケア・ホールディング
2378,ルネサンス,ルネサンス,東証プライム,サービス業,ルネサンス
2379,ディップ,ディップ,東証プライム,サービス業,ディップ
2384,ＳＢＳホールディングス,ＳＢＳホールディングス,東証プライム,陸運業,ＳＢＳホールディングス
2389,デジタルホールディングス,デジタルホールディングス,東証プライム,サービス業,デジタルホールディングス
2395,新日本科学,シンニホンカガク,東証プライム,サービス業,シンニホンカガク
2410,キャリアデザインセンター,キャリアデザインセンター,東証プライム,サービス業,キャリアデザインセンター
2413,エムスリー,エムスリー,東証プライム,サービス業,エムスリー
2429,ワールドホールディングス,ワールドホールディングス,東証プライム,サービス業,ワールドホールディングス
2432,ディー・エヌ・エー,ディー・エヌ・エー,東証プライム,情報・通信業,ディー・エヌ・エー
2433,博報堂ＤＹホールディングス,ハクホウドウＤＹホールディングス,東証プライム,サービス業,ハクホウドウＤＹホールディングス
2445,タカミヤ,タカミヤ,東証プライム,サービス業,タカミヤ
2461,ファンコミュニケーションズ,ファンコミュニケーションズ,東証プライム,サービス業,ファンコミュニケーションズ
2462,ライク,ライク,東証プライム,サービス業,ライク
2471,エスプール,エスプール,東証プライム,サービス業,エスプール
2475,ＷＤＢホールディングス,ＷＤＢホールディングス,東証プライム,サービス業,ＷＤＢホールディングス
2491,バリューコマース,バリューコマース,東証プライム,サービス業,バリューコマース
2492,インフォマート,インフォマート,東証プライム,サービス業,インフォマート
2501,サッポロホールディングス,サッポロホールディングス,東証プライム,食料品,サッポロホールディングス
2502,アサヒグループホールディングス,アサヒグループホールディングス,東証プライム,食料品,アサヒグループホールディングス
2503,キリンホールディングス,キリンホールディングス,東証プライム,食料品,キリンホールディングス
2531,宝ホールディングス,タカラホールディングス,東証プライム,食料品,タカラホールディングス
2533,オエノンホールディングス,オエノンホールディングス,東証プライム,食料品,オエノンホールディングス
2540,養命酒製造,ヨウメイシュセイゾウ,東証プライム,食料品,ヨウメイシュセイゾウ
256A,飛島ホールディングス,トビシマホールディングス,東証プライム,建設業,トビシマホールディングス
2579,コカ・コーラ　ボトラーズジャパンホールディングス,コカ・コーラ　ボトラーズジャパンホールディングス,東証プライム,食料品,コカ・コーラ　ボトラーズジャパンホールディングス
2585,ライフドリンク　カンパニー,ライフドリンク　カンパニー,東証プライム,食料品,ライフドリンク　カンパニー
2587,サントリー食品インターナショナル,サントリーショクヒンインターナショナル,東証プライム,食料品,サントリーショクヒンインターナショナル
2590,ダイドーグループホールディングス,ダイドーグループホールディングス,東証プライム,食料品,ダイドーグループホールディングス
2593,伊藤園,イトウエン,東証プライム,食料品,イトウエン
25935,伊藤園第１種優先株式,イトウエンダイ１シュユウセンカブシキ,東証プライム,食料品,イトウエンダイ１シュユウセンカブシキ
2594,キーコーヒー,キーコーヒー,東証プライム,食料品,キーコーヒー
2602,日清オイリオグループ,ニッシンオイリオグループ,東証プライム,食料品,ニッシンオイリオグループ
2607,不二製油,フジセイユ,東証プライム,食料品,フジセイユ
2613,Ｊ－オイルミルズ,Ｊ－オイルミルズ,東証プライム,食料品,Ｊ－オイルミルズ
262A,インターメスティック,インターメスティック,東証プライム,小売業,インターメスティック
2659,サンエー,サンエー,東証プライム,小売業,サンエー
2664,カワチ薬品,カワチヤクヒン,東証プライム,小売業,カワチヤクヒン
2670,エービーシー・マート,エービーシー・マート,東証プライム,小売業,エービーシー・マート
2674,ハードオフコーポレーション,ハードオフコーポレーション,東証プライム,小売業,ハードオフコーポレーション
2676,高千穂交易,タカチホコウエキ,東証プライム,卸売業,タカチホコウエキ
2678,アスクル,アスクル,東証プライム,小売業,アスクル
2681,ゲオホールディングス,ゲオホールディングス,東証プライム,小売業,ゲオホールディングス
2685,アンドエスティＨＤ,アンドエスティＨＤ,東証プライム,小売業,アンドエスティＨＤ
268A,リガク・ホールディングス,リガク・ホールディングス,東証プライム,精密機器,リガク・ホールディングス
2692,伊藤忠食品,イトウチュウショクヒン,東証プライム,卸売業,イトウチュウショクヒン
2695,くら寿司,クラズシ,東証プライム,小売業,クラズシ
2726,パルグループホールディングス,パルグループホールディングス,東証プライム,小売業,パルグループホールディングス
2730,エディオン,エディオン,東証プライム,小売業,エディオン
2733,あらた,アラタ,東証プライム,卸売業,アラタ
2734,サーラコーポレーション,サーラコーポレーション,東証プライム,小売業,サーラコーポレーション
2737,トーメンデバイス,トーメンデバイス,東証プライム,卸売業,トーメンデバイス
2742,ハローズ,ハローズ,東証プライム,小売業,ハローズ
2749,ＪＰホールディングス,ＪＰホールディングス,東証プライム,サービス業,ＪＰホールディングス
2752,フジオフードグループ本社,フジオフードグループホンシャ,東証プライム,小売業,フジオフードグループホンシャ
2753,あみやき亭,アミヤキテイ,東証プライム,小売業,アミヤキテイ
2760,東京エレクトロン　デバイス,トウキョウエレクトロン　デバイス,東証プライム,卸売業,トウキョウエレクトロン　デバイス
2767,円谷フィールズホールディングス,ツブラヤフィールズホールディングス,東証プライム,卸売業,ツブラヤフィールズホールディングス
2768,双日,ソウジツ,東証プライム,卸売業,ソウジツ
2784,アルフレッサ　ホールディングス,アルフレッサ　ホールディングス,東証プライム,卸売業,アルフレッサ　ホールディングス
2791,大黒天物産,ダイコクテンブッサン,東証プライム,小売業,ダイコクテンブッサン
2792,ハニーズホールディングス,ハニーズホールディングス,東証プライム,小売業,ハニーズホールディングス
2801,キッコーマン,キッコーマン,東証プライム,食料品,キッコーマン
2802,味の素,アジノモト,東証プライム,食料品,アジノモト
2804,ブルドックソース,ブルドックソース,東証プライム,食料品,ブルドックソース
2809,キユーピー,キユーピー,東証プライム,食料品,キユーピー
2810,ハウス食品グループ本社,ハウスショクヒングループホンシャ,東証プライム,食料品,ハウスショクヒングループホンシャ
2811,カゴメ,カゴメ,東証プライム,食料品,カゴメ
2815,アリアケジャパン,アリアケジャパン,東証プライム,食料品,アリアケジャパン
285A,キオクシアホールディングス,キオクシアホールディングス,東証プライム,電気機器,キオクシアホールディングス
2871,ニチレイ,ニチレイ,東証プライム,食料品,ニチレイ
2874,横浜冷凍,ヨコハマレイトウ,東証プライム,卸売業,ヨコハマレイトウ
2875,東洋水産,トウヨウスイサン,東証プライム,食料品,トウヨウスイサン
2882,イートアンドホールディングス,イートアンドホールディングス,東証プライム,食料品,イートアンドホールディングス
2884,ヨシムラ・フード・ホールディングス,ヨシムラ・フード・ホールディングス,東証プライム,食料品,ヨシムラ・フード・ホールディングス
2897,日清食品ホールディングス,ニッシンショクヒンホールディングス,東証プライム,食料品,ニッシンショクヒンホールディングス
2908,フジッコ,フジッコ,東証プライム,食料品,フジッコ
2910,ロック・フィールド,ロック・フィールド,東証プライム,食料品,ロック・フィールド
2914,日本たばこ産業,ニホンタバコサンギョウ,東証プライム,食料品,ニホンタバコサンギョウ
2915,ケンコーマヨネーズ,ケンコーマヨネーズ,東証プライム,食料品,ケンコーマヨネーズ
2918,わらべや日洋ホールディングス,ワラベヤニチヨウホールディングス,東証プライム,食料品,ワラベヤニチヨウホールディングス
2922,なとり,ナトリ,東証プライム,食料品,ナトリ
2929,ファーマフーズ,ファーマフーズ,東証プライム,食料品,ファーマフーズ
2930,北の達人コーポレーション,キタノタツジンコーポレーション,東証プライム,化学,キタノタツジンコーポレーション
2931,ユーグレナ,ユーグレナ,東証プライム,食料品,ユーグレナ
2933,紀文食品,キブンショクヒン,東証プライム,食料品,キブンショクヒン
2935,ピックルスホールディングス,ピックルスホールディングス,東証プライム,食料品,ピックルスホールディングス
2975,スター・マイカ・ホールディングス,スター・マイカ・ホールディングス,東証プライム,不動産業,スター・マイカ・ホールディングス
2980,ＳＲＥホールディングス,ＳＲＥホールディングス,東証プライム,不動産業,ＳＲＥホールディングス
2982,ＡＤワークスグループ,ＡＤワークスグループ,東証プライム,不動産業,ＡＤワークスグループ
3002,グンゼ,グンゼ,東証プライム,繊維製品,グンゼ
3003,ヒューリック,ヒューリック,東証プライム,不動産業,ヒューリック
3028,アルペン,アルペン,東証プライム,小売業,アルペン
3031,ラクーンホールディングス,ラクーンホールディングス,東証プライム,情報・通信業,ラクーンホールディングス
3034,クオールホールディングス,クオールホールディングス,東証プライム,小売業,クオールホールディングス
3036,アルコニックス,アルコニックス,東証プライム,卸売業,アルコニックス
3038,神戸物産,カンベブッサン,東証プライム,卸売業,カンベブッサン
3040,ソリトンシステムズ,ソリトンシステムズ,東証プライム,情報・通信業,ソリトンシステムズ
3046,ジンズホールディングス,ジンズホールディングス,東証プライム,小売業,ジンズホールディングス
3048,ビックカメラ,ビックカメラ,東証プライム,小売業,ビックカメラ
3050,ＤＣＭホールディングス,ＤＣＭホールディングス,東証プライム,小売業,ＤＣＭホールディングス
3064,ＭｏｎｏｔａＲＯ,ＭｏｎｏｔａＲＯ,東証プライム,小売業,ＭｏｎｏｔａＲＯ
3076,あい　ホールディングス,アイ　ホールディングス,東証プライム,卸売業,アイ　ホールディングス
3086,Ｊ．フロント　リテイリング,Ｊ．フロント　リテイリング,東証プライム,小売業,Ｊ．フロント　リテイリング
3087,ドトール・日レスホールディングス,ドトール・ヒレスホールディングス,東証プライム,小売業,ドトール・ヒレスホールディングス
3088,マツキヨココカラ＆カンパニー,マツキヨココカラ＆カンパニー,東証プライム,小売業,マツキヨココカラ＆カンパニー
3091,ブロンコビリー,ブロンコビリー,東証プライム,小売業,ブロンコビリー
3092,ＺＯＺＯ,ＺＯＺＯ,東証プライム,小売業,ＺＯＺＯ
3093,トレジャー・ファクトリー,トレジャー・ファクトリー,東証プライム,小売業,トレジャー・ファクトリー
3097,物語コーポレーション,モノガタリコーポレーション,東証プライム,小売業,モノガタリコーポレーション
3099,三越伊勢丹ホールディングス,ミツコシイセタンホールディングス,東証プライム,小売業,ミツコシイセタンホールディングス
3101,東洋紡,トウヨウボウ,東証プライム,化学,トウヨウボウ
3103,ユニチカ,ユニチカ,東証プライム,繊維製品,ユニチカ
3104,富士紡ホールディングス,フジボウホールディングス,東証プライム,繊維製品,フジボウホールディングス
3105,日清紡ホールディングス,ニッシンボウホールディングス,東証プライム,電気機器,ニッシンボウホールディングス
3106,倉敷紡績,クラシキボウセキ,東証プライム,繊維製品,クラシキボウセキ
3107,ダイワボウホールディングス,ダイワボウホールディングス,東証プライム,卸売業,ダイワボウホールディングス
3109,シキボウ,シキボウ,東証プライム,繊維製品,シキボウ
3110,日東紡績,ニットウボウセキ,東証プライム,ガラス・土石製品,ニットウボウセキ
3116,トヨタ紡織,トヨタボウショク,東証プライム,輸送用機器,トヨタボウショク
3132,マクニカホールディングス,マクニカホールディングス,東証プライム,卸売業,マクニカホールディングス
3139,ラクト・ジャパン,ラクト・ジャパン,東証プライム,卸売業,ラクト・ジャパン
3148,クリエイトＳＤホールディングス,クリエイトＳＤホールディングス,東証プライム,小売業,クリエイトＳＤホールディングス
3150,グリムス,グリムス,東証プライム,電気・ガス業,グリムス
3151,バイタルケーエスケー・ホールディングス,バイタルケーエスケー・ホールディングス,東証プライム,卸売業,バイタルケーエスケー・ホールディングス
3153,八洲電機,ハッシュウデンキ,東証プライム,卸売業,ハッシュウデンキ
3154,メディアスホールディングス,メディアスホールディングス,東証プライム,卸売業,メディアスホールディングス
3156,レスター,レスター,東証プライム,卸売業,レスター
3167,ＴＯＫＡＩホールディングス,ＴＯＫＡＩホールディングス,東証プライム,卸売業,ＴＯＫＡＩホールディングス
3176,三洋貿易,サンヨウボウエキ,東証プライム,卸売業,サンヨウボウエキ
3179,シュッピン,シュッピン,東証プライム,小売業,シュッピン
3180,ビューティガレージ,ビューティガレージ,東証プライム,卸売業,ビューティガレージ
3182,オイシックス・ラ・大地,オイシックス・ラ・ダイチ,東証プライム,小売業,オイシックス・ラ・ダイチ
3183,ウイン・パートナーズ,ウイン・パートナーズ,東証プライム,卸売業,ウイン・パートナーズ
3186,ネクステージ,ネクステージ,東証プライム,小売業,ネクステージ
3191,ジョイフル本田,ジョイフルホンデン,東証プライム,小売業,ジョイフルホンデン
3193,エターナルホスピタリティグループ,エターナルホスピタリティグループ,東証プライム,小売業,エターナルホスピタリティグループ
3196,ホットランドホールディングス,ホットランドホールディングス,東証プライム,小売業,ホットランドホールディングス
3197,すかいらーくホールディングス,スカイラークホールディングス,東証プライム,小売業,スカイラークホールディングス
3198,ＳＦＰホールディングス,ＳＦＰホールディングス,東証プライム,小売業,ＳＦＰホールディングス
3199,綿半ホールディングス,ワタハンホールディングス,東証プライム,小売業,ワタハンホールディングス
3201,日本毛織,ニホンケオリ,東証プライム,繊維製品,ニホンケオリ
3221,ヨシックスホールディングス,ヨシックスホールディングス,東証プライム,小売業,ヨシックスホールディングス
3231,野村不動産ホールディングス,ノムラフドウサンホールディングス,東証プライム,不動産業,ノムラフドウサンホールディングス
3232,三重交通グループホールディングス,ミエコウツウグループホールディングス,東証プライム,不動産業,ミエコウツウグループホールディングス
3245,ディア・ライフ,ディア・ライフ,東証プライム,不動産業,ディア・ライフ
3252,地主,ジヌシ,東証プライム,不動産業,ジヌシ
3276,ＪＰＭＣ,ＪＰＭＣ,東証プライム,不動産業,ＪＰＭＣ
3284,フージャースホールディングス,フージャースホールディングス,東証プライム,不動産業,フージャースホールディングス
3288,オープンハウスグループ,オープンハウスグループ,東証プライム,不動産業,オープンハウスグループ
3289,東急不動産ホールディングス,トウキュウフドウサンホールディングス,東証プライム,不動産業,トウキュウフドウサンホールディングス
3291,飯田グループホールディングス,イイダグループホールディングス,東証プライム,不動産業,イイダグループホールディングス
3302,帝国繊維,テイコクセンイ,東証プライム,繊維製品,テイコクセンイ
3315,日本コークス工業,ニホンコークスコウギョウ,東証プライム,石油・石炭製品,ニホンコークスコウギョウ
3333,あさひ,アサヒ,東証プライム,小売業,アサヒ
3349,コスモス薬品,コスモスヤクヒン,東証プライム,小売業,コスモスヤクヒン
3360,シップヘルスケアホールディングス,シップヘルスケアホールディングス,東証プライム,卸売業,シップヘルスケアホールディングス
3371,ソフトクリエイトホールディングス,ソフトクリエイトホールディングス,東証プライム,情報・通信業,ソフトクリエイトホールディングス
3382,セブン＆アイ・ホールディングス,セブン＆アイ・ホールディングス,東証プライム,小売業,セブン＆アイ・ホールディングス
3387,クリエイト・レストランツ・ホールディングス,クリエイト・レストランツ・ホールディングス,東証プライム,小売業,クリエイト・レストランツ・ホールディングス
3388,明治電機工業,メイジデンキコウギョウ,東証プライム,卸売業,メイジデンキコウギョウ
3391,ツルハホールディングス,ツルハホールディングス,東証プライム,小売業,ツルハホールディングス
3393,スターティアホールディングス,スターティアホールディングス,東証プライム,卸売業,スターティアホールディングス
3395,サンマルクホールディングス,サンマルクホールディングス,東証プライム,小売業,サンマルクホールディングス
3397,トリドールホールディングス,トリドールホールディングス,東証プライム,小売業,トリドールホールディングス
3401,帝人,テイジン,東証プライム,繊維製品,テイジン
3402,東レ,トウレ,東証プライム,繊維製品,トウレ
3405,クラレ,クラレ,東証プライム,化学,クラレ
3407,旭化成,アサヒカセイ,東証プライム,化学,アサヒカセイ
3415,ＴＯＫＹＯ　ＢＡＳＥ,ＴＯＫＹＯ　ＢＡＳＥ,東証プライム,小売業,ＴＯＫＹＯ　ＢＡＳＥ
3431,宮地エンジニアリンググループ,ミヤジエンジニアリンググループ,東証プライム,金属製品,ミヤジエンジニアリンググループ
3433,トーカロ,トーカロ,東証プライム,金属製品,トーカロ
3436,ＳＵＭＣＯ,ＳＵＭＣＯ,東証プライム,金属製品,ＳＵＭＣＯ
3443,川田テクノロジーズ,カワタテクノロジーズ,東証プライム,金属製品,カワタテクノロジーズ
3445,ＲＳ　Ｔｅｃｈｎｏｌｏｇｉｅｓ,ＲＳ　Ｔｅｃｈｎｏｌｏｇｉｅｓ,東証プライム,金属製品,ＲＳ　Ｔｅｃｈｎｏｌｏｇｉｅｓ
3457,Ａｎｄ　Ｄｏホールディングス,Ａｎｄ　Ｄｏホールディングス,東証プライム,不動産業,Ａｎｄ　Ｄｏホールディングス
3465,ケイアイスター不動産,ケイアイスターフドウサン,東証プライム,不動産業,ケイアイスターフドウサン
3475,グッドコムアセット,グッドコムアセット,東証プライム,不動産業,グッドコムアセット
3480,ジェイ・エス・ビー,ジェイ・エス・ビー,東証プライム,不動産業,ジェイ・エス・ビー
3482,ロードスターキャピタル,ロードスターキャピタル,東証プライム,不動産業,ロードスターキャピタル
3484,イノベーションホールディングス,イノベーションホールディングス,東証プライム,不動産業,イノベーションホールディングス
3486,グローバル・リンク・マネジメント,グローバル・リンク・マネジメント,東証プライム,不動産業,グローバル・リンク・マネジメント
3496,アズーム,アズーム,東証プライム,不動産業,アズーム
3498,霞ヶ関キャピタル,カスミガセキキャピタル,東証プライム,不動産業,カスミガセキキャピタル
3501,ＳＵＭＩＮＯＥ,ＳＵＭＩＮＯＥ,東証プライム,繊維製品,ＳＵＭＩＮＯＥ
3539,ＪＭホールディングス,ＪＭホールディングス,東証プライム,小売業,ＪＭホールディングス
3543,コメダホールディングス,コメダホールディングス,東証プライム,卸売業,コメダホールディングス
3546,アレンザホールディングス,アレンザホールディングス,東証プライム,小売業,アレンザホールディングス
3548,バロックジャパンリミテッド,バロックジャパンリミテッド,東証プライム,小売業,バロックジャパンリミテッド
3549,クスリのアオキホールディングス,クスリノアオキホールディングス,東証プライム,小売業,クスリノアオキホールディングス
3561,力の源ホールディングス,チカラノミナモトホールディングス,東証プライム,小売業,チカラノミナモトホールディングス
3563,ＦＯＯＤ　＆　ＬＩＦＥ　ＣＯＭＰＡＮＩＥＳ,ＦＯＯＤ　＆　ＬＩＦＥ　ＣＯＭＰＡＮＩＥＳ,東証プライム,小売業,ＦＯＯＤ　＆　ＬＩＦＥ　ＣＯＭＰＡＮＩＥＳ
3569,セーレン,セーレン,東証プライム,繊維製品,セーレン
3580,小松マテーレ,コマツマテーレ,東証プライム,繊維製品,コマツマテーレ
3591,ワコールホールディングス,ワコールホールディングス,東証プライム,繊維製品,ワコールホールディングス
3593,ホギメディカル,ホギメディカル,東証プライム,繊維製品,ホギメディカル
3608,ＴＳＩホールディングス,ＴＳＩホールディングス,東証プライム,繊維製品,ＴＳＩホールディングス
3612,ワールド,ワールド,東証プライム,繊維製品,ワールド
3626,ＴＩＳ,ＴＩＳ,東証プライム,情報・通信業,ＴＩＳ
3632,グリーホールディングス,グリーホールディングス,東証プライム,情報・通信業,グリーホールディングス
3635,コーエーテクモホールディングス,コーエーテクモホールディングス,東証プライム,情報・通信業,コーエーテクモホールディングス
3636,三菱総合研究所,ミツビシソウゴウケンキュウジョ,東証プライム,情報・通信業,ミツビシソウゴウケンキュウジョ
3649,ファインデックス,ファインデックス,東証プライム,情報・通信業,ファインデックス
3655,ブレインパッド,ブレインパッド,東証プライム,情報・通信業,ブレインパッド
3656,ＫＬａｂ,ＫＬａｂ,東証プライム,情報・通信業,ＫＬａｂ
3657,ポールトゥウィンホールディングス,ポールトゥウィンホールディングス,東証プライム,情報・通信業,ポールトゥウィンホールディングス
3659,ネクソン,ネクソン,東証プライム,情報・通信業,ネクソン
3660,アイスタイル,アイスタイル,東証プライム,情報・通信業,アイスタイル
3661,エムアップホールディングス,エムアップホールディングス,東証プライム,情報・通信業,エムアップホールディングス
3662,エイチームホールディングス,エイチームホールディングス,東証プライム,情報・通信業,エイチームホールディングス
3663,セルシス,セルシス,東証プライム,情報・通信業,セルシス
3665,エニグモ,エニグモ,東証プライム,情報・通信業,エニグモ
3668,コロプラ,コロプラ,東証プライム,情報・通信業,コロプラ
3673,ブロードリーフ,ブロードリーフ,東証プライム,情報・通信業,ブロードリーフ
3676,デジタルハーツホールディングス,デジタルハーツホールディングス,東証プライム,情報・通信業,デジタルハーツホールディングス
3678,メディアドゥ,メディアドゥ,東証プライム,情報・通信業,メディアドゥ
3679,じげん,ジゲン,東証プライム,情報・通信業,ジゲン
3681,ブイキューブ,ブイキューブ,東証プライム,情報・通信業,ブイキューブ
3687,フィックスターズ,フィックスターズ,東証プライム,情報・通信業,フィックスターズ
368A,北里コーポレーション,キタザトコーポレーション,東証プライム,精密機器,キタザトコーポレーション
3694,オプティム,オプティム,東証プライム,情報・通信業,オプティム
3696,セレス,セレス,東証プライム,情報・通信業,セレス
3697,ＳＨＩＦＴ,ＳＨＩＦＴ,東証プライム,情報・通信業,ＳＨＩＦＴ
3708,特種東海製紙,トクダネトウカイセイシ,東証プライム,パルプ・紙,トクダネトウカイセイシ
3741,セック,セック,東証プライム,情報・通信業,セック
3762,テクマトリックス,テクマトリックス,東証プライム,情報・通信業,テクマトリックス
3763,プロシップ,プロシップ,東証プライム,情報・通信業,プロシップ
3765,ガンホー・オンライン・エンターテイメント,ガンホー・オンライン・エンターテイメント,東証プライム,情報・通信業,ガンホー・オンライン・エンターテイメント
3769,ＧＭＯペイメントゲートウェイ,ＧＭＯペイメントゲートウェイ,東証プライム,情報・通信業,ＧＭＯペイメントゲートウェイ
3771,システムリサーチ,システムリサーチ,東証プライム,情報・通信業,システムリサーチ
3774,インターネットイニシアティブ,インターネットイニシアティブ,東証プライム,情報・通信業,インターネットイニシアティブ
3778,さくらインターネット,サクラインターネット,東証プライム,情報・通信業,サクラインターネット
3788,ＧＭＯグローバルサイン・ホールディングス,ＧＭＯグローバルサイン・ホールディングス,東証プライム,情報・通信業,ＧＭＯグローバルサイン・ホールディングス
3817,ＳＲＡホールディングス,ＳＲＡホールディングス,東証プライム,情報・通信業,ＳＲＡホールディングス
3834,朝日ネット,アサヒネット,東証プライム,情報・通信業,アサヒネット
3835,ｅＢＡＳＥ,ｅＢＡＳＥ,東証プライム,情報・通信業,ｅＢＡＳＥ
3836,アバントグループ,アバントグループ,東証プライム,情報・通信業,アバントグループ
3837,アドソル日進,アドソルニッシン,東証プライム,情報・通信業,アドソルニッシン
3843,フリービット,フリービット,東証プライム,情報・通信業,フリービット
3844,コムチュア,コムチュア,東証プライム,情報・通信業,コムチュア
3853,アステリア,アステリア,東証プライム,情報・通信業,アステリア
3854,アイル,アイル,東証プライム,情報・通信業,アイル
3861,王子ホールディングス,オウジホールディングス,東証プライム,パルプ・紙,オウジホールディングス
3863,日本製紙,ニホンセイシ,東証プライム,パルプ・紙,ニホンセイシ
3864,三菱製紙,ミツビシセイシ,東証プライム,パルプ・紙,ミツビシセイシ
3865,北越コーポレーション,ホクエツコーポレーション,東証プライム,パルプ・紙,ホクエツコーポレーション
3877,中越パルプ工業,チュウエツパルプコウギョウ,東証プライム,パルプ・紙,チュウエツパルプコウギョウ
3880,大王製紙,ダイオウセイシ,東証プライム,パルプ・紙,ダイオウセイシ
3901,マークラインズ,マークラインズ,東証プライム,情報・通信業,マークラインズ
3902,メディカル・データ・ビジョン,メディカル・データ・ビジョン,東証プライム,情報・通信業,メディカル・データ・ビジョン
3903,ｇｕｍｉ,ｇｕｍｉ,東証プライム,情報・通信業,ｇｕｍｉ
3915,テラスカイ,テラスカイ,東証プライム,情報・通信業,テラスカイ
3916,デジタル・インフォメーション・テクノロジー,デジタル・インフォメーション・テクノロジー,東証プライム,情報・通信業,デジタル・インフォメーション・テクノロジー
3921,ネオジャパン,ネオジャパン,東証プライム,情報・通信業,ネオジャパン
3922,ＰＲ　ＴＩＭＥＳ,ＰＲ　ＴＩＭＥＳ,東証プライム,情報・通信業,ＰＲ　ＴＩＭＥＳ
3923,ラクス,ラクス,東証プライム,情報・通信業,ラクス
3924,ランドコンピュータ,ランドコンピュータ,東証プライム,情報・通信業,ランドコンピュータ
3925,ダブルスタンダード,ダブルスタンダード,東証プライム,情報・通信業,ダブルスタンダード
3926,オープンドア,オープンドア,東証プライム,情報・通信業,オープンドア
3932,アカツキ,アカツキ,東証プライム,情報・通信業,アカツキ
3939,カナミックネットワーク,カナミックネットワーク,東証プライム,情報・通信業,カナミックネットワーク
3941,レンゴー,レンゴー,東証プライム,パルプ・紙,レンゴー
3946,トーモク,トーモク,東証プライム,パルプ・紙,トーモク
3950,ザ・パック,ザ・パック,東証プライム,パルプ・紙,ザ・パック
3962,チェンジホールディングス,チェンジホールディングス,東証プライム,情報・通信業,チェンジホールディングス
3963,シンクロ・フード,シンクロ・フード,東証プライム,情報・通信業,シンクロ・フード
3964,オークネット,オークネット,東証プライム,情報・通信業,オークネット
3968,セグエグループ,セグエグループ,東証プライム,情報・通信業,セグエグループ
3983,オロ,オロ,東証プライム,情報・通信業,オロ
3984,ユーザーローカル,ユーザーローカル,東証プライム,情報・通信業,ユーザーローカル
3992,ニーズウェル,ニーズウェル,東証プライム,情報・通信業,ニーズウェル
3993,ＰＫＳＨＡ　Ｔｅｃｈｎｏｌｏｇｙ,ＰＫＳＨＡ　Ｔｅｃｈｎｏｌｏｇｙ,東証プライム,情報・通信業,ＰＫＳＨＡ　Ｔｅｃｈｎｏｌｏｇｙ
3994,マネーフォワード,マネーフォワード,東証プライム,情報・通信業,マネーフォワード
4004,レゾナック・ホールディングス,レゾナック・ホールディングス,東証プライム,化学,レゾナック・ホールディングス
4005,住友化学,スミトモカガク,東証プライム,化学,スミトモカガク
4008,住友精化,スミトモセイカ,東証プライム,化学,スミトモセイカ
4021,日産化学,ニッサンカガク,東証プライム,化学,ニッサンカガク
4022,ラサ工業,ラサコウギョウ,東証プライム,化学,ラサコウギョウ
4023,クレハ,クレハ,東証プライム,化学,クレハ
4025,多木化学,タキカガク,東証プライム,化学,タキカガク
4027,テイカ,テイカ,東証プライム,化学,テイカ
4028,石原産業,イシハラサンギョウ,東証プライム,化学,イシハラサンギョウ
4041,日本曹達,ニホンソーダ,東証プライム,化学,ニホンソーダ
4042,東ソー,トウソー,東証プライム,化学,トウソー
4043,トクヤマ,トクヤマ,東証プライム,化学,トクヤマ
4044,セントラル硝子,セントラルガラス,東証プライム,化学,セントラルガラス
4045,東亞合成,トウアゴウセイ,東証プライム,化学,トウアゴウセイ
4046,大阪ソーダ,オオサカソーダ,東証プライム,化学,オオサカソーダ
4047,関東電化工業,カントウデンカコウギョウ,東証プライム,化学,カントウデンカコウギョウ
4051,ＧＭＯフィナンシャルゲート,ＧＭＯフィナンシャルゲート,東証プライム,情報・通信業,ＧＭＯフィナンシャルゲート
4053,Ｓｕｎ　Ａｓｔｅｒｉｓｋ,Ｓｕｎ　Ａｓｔｅｒｉｓｋ,東証プライム,情報・通信業,Ｓｕｎ　Ａｓｔｅｒｉｓｋ
4061,デンカ,デンカ,東証プライム,化学,デンカ
4062,イビデン,イビデン,東証プライム,電気機器,イビデン
4063,信越化学工業,シンエツカガクコウギョウ,東証プライム,化学,シンエツカガクコウギョウ
4064,日本カーバイド工業,ニホンカーバイドコウギョウ,東証プライム,化学,ニホンカーバイドコウギョウ
4071,プラスアルファ・コンサルティング,プラスアルファ・コンサルティング,東証プライム,情報・通信業,プラスアルファ・コンサルティング
4072,電算システムホールディングス,デンサンシステムホールディングス,東証プライム,情報・通信業,デンサンシステムホールディングス
4078,堺化学工業,サカイカガクコウギョウ,東証プライム,化学,サカイカガクコウギョウ
4082,第一稀元素化学工業,ダイイチキゲンソカガクコウギョウ,東証プライム,化学,ダイイチキゲンソカガクコウギョウ
4088,エア・ウォーター,エア・ウォーター,東証プライム,化学,エア・ウォーター
4091,日本酸素ホールディングス,ニホンサンソホールディングス,東証プライム,化学,ニホンサンソホールディングス
4092,日本化学工業,ニホンカガクコウギョウ,東証プライム,化学,ニホンカガクコウギョウ
4095,日本パーカライジング,ニホンパーカライジング,東証プライム,化学,ニホンパーカライジング
4097,高圧ガス工業,コウアツガスコウギョウ,東証プライム,化学,コウアツガスコウギョウ
4099,四国化成ホールディングス,シコクカセイホールディングス,東証プライム,化学,シコクカセイホールディングス
409A,オリオンビール,オリオンビール,東証プライム,食料品,オリオンビール
4109,ステラ　ケミファ,ステラ　ケミファ,東証プライム,化学,ステラ　ケミファ
4112,保土谷化学工業,ホドガヤカガクコウギョウ,東証プライム,化学,ホドガヤカガクコウギョウ
4114,日本触媒,ニホンショクバイ,東証プライム,化学,ニホンショクバイ
4116,大日精化工業,ダイニチセイカコウギョウ,東証プライム,化学,ダイニチセイカコウギョウ
4118,カネカ,カネカ,東証プライム,化学,カネカ
4151,協和キリン,キョウワキリン,東証プライム,医薬品,キョウワキリン
417A,ブルーゾーンホールディングス,ブルーゾーンホールディングス,東証プライム,小売業,ブルーゾーンホールディングス
4180,Ａｐｐｉｅｒ　Ｇｒｏｕｐ,Ａｐｐｉｅｒ　Ｇｒｏｕｐ,東証プライム,情報・通信業,Ａｐｐｉｅｒ　Ｇｒｏｕｐ
4182,三菱瓦斯化学,ミツビシガスカガク,東証プライム,化学,ミツビシガスカガク
4183,三井化学,ミツイカガク,東証プライム,化学,ミツイカガク
4186,東京応化工業,トウキョウオウカコウギョウ,東証プライム,化学,トウキョウオウカコウギョウ
4187,大阪有機化学工業,オオサカユウキカガクコウギョウ,東証プライム,化学,オオサカユウキカガクコウギョウ
4188,三菱ケミカルグループ,ミツビシケミカルグループ,東証プライム,化学,ミツビシケミカルグループ
4189,ＫＨネオケム,ＫＨネオケム,東証プライム,化学,ＫＨネオケム
4194,ビジョナル,ビジョナル,東証プライム,情報・通信業,ビジョナル
4202,ダイセル,ダイセル,東証プライム,化学,ダイセル
4203,住友ベークライト,スミトモベークライト,東証プライム,化学,スミトモベークライト
4204,積水化学工業,セキスイカガクコウギョウ,東証プライム,化学,セキスイカガクコウギョウ
4205,日本ゼオン,ニホンゼオン,東証プライム,化学,ニホンゼオン
4206,アイカ工業,アイカコウギョウ,東証プライム,化学,アイカコウギョウ
4208,ＵＢＥ,ＵＢＥ,東証プライム,化学,ＵＢＥ
4212,積水樹脂,セキスイジュシ,東証プライム,化学,セキスイジュシ
4216,旭有機材,アサヒユウキザイ,東証プライム,化学,アサヒユウキザイ
4218,ニチバン,ニチバン,東証プライム,化学,ニチバン
4220,リケンテクノス,リケンテクノス,東証プライム,化学,リケンテクノス
4221,大倉工業,オオクラコウギョウ,東証プライム,化学,オオクラコウギョウ
4228,積水化成品工業,セキスイカセイヒンコウギョウ,東証プライム,化学,セキスイカセイヒンコウギョウ
4229,群栄化学工業,グンエイカガクコウギョウ,東証プライム,化学,グンエイカガクコウギョウ
4246,ダイキョーニシカワ,ダイキョーニシカワ,東証プライム,化学,ダイキョーニシカワ
4249,森六,モリロク,東証プライム,化学,モリロク
4251,恵和,メグミワ,東証プライム,化学,メグミワ
4272,日本化薬,ニッポンカヤク,東証プライム,化学,ニッポンカヤク
4275,カーリット,カーリット,東証プライム,化学,カーリット
4290,プレステージ・インターナショナル,プレステージ・インターナショナル,東証プライム,サービス業,プレステージ・インターナショナル
429A,テクセンドフォトマスク,テクセンドフォトマスク,東証プライム,その他製品,テクセンドフォトマスク
4301,アミューズ,アミューズ,東証プライム,サービス業,アミューズ
4307,野村総合研究所,ノムラソウゴウケンキュウジョ,東証プライム,情報・通信業,ノムラソウゴウケンキュウジョ
4310,ドリームインキュベータ,ドリームインキュベータ,東証プライム,サービス業,ドリームインキュベータ
4318,クイック,クイック,東証プライム,サービス業,クイック
4323,日本システム技術,ニホンシステムギジュツ,東証プライム,情報・通信業,ニホンシステムギジュツ
4324,電通グループ,デンツウグループ,東証プライム,サービス業,デンツウグループ
4326,インテージホールディングス,インテージホールディングス,東証プライム,情報・通信業,インテージホールディングス
4331,テイクアンドギヴ・ニーズ,テイクアンドギヴ・ニーズ,東証プライム,サービス業,テイクアンドギヴ・ニーズ
4333,東邦システムサイエンス,トウホウシステムサイエンス,東証プライム,情報・通信業,トウホウシステムサイエンス
4337,ぴあ,ピア,東証プライム,サービス業,ピア
4343,イオンファンタジー,イオンファンタジー,東証プライム,サービス業,イオンファンタジー
4344,ソースネクスト,ソースネクスト,東証プライム,情報・通信業,ソースネクスト
4345,シーティーエス,シーティーエス,東証プライム,サービス業,シーティーエス
4362,日本精化,ニッポンセイカ,東証プライム,化学,ニッポンセイカ
4368,扶桑化学工業,フソウカガクコウギョウ,東証プライム,化学,フソウカガクコウギョウ
4369,トリケミカル研究所,トリケミカルケンキュウショ,東証プライム,化学,トリケミカルケンキュウショ
4373,シンプレクス・ホールディングス,シンプレクス・ホールディングス,東証プライム,情報・通信業,シンプレクス・ホールディングス
4384,ラクスル,ラクスル,東証プライム,情報・通信業,ラクスル
4385,メルカリ,メルカリ,東証プライム,情報・通信業,メルカリ
4390,ＩＰＳ,ＩＰＳ,東証プライム,情報・通信業,ＩＰＳ
4392,ＦＩＧ,ＦＩＧ,東証プライム,情報・通信業,ＦＩＧ
4396,システムサポートホールディングス,システムサポートホールディングス,東証プライム,情報・通信業,システムサポートホールディングス
4401,ＡＤＥＫＡ,ＡＤＥＫＡ,東証プライム,化学,ＡＤＥＫＡ
4403,日油,ニチユ,東証プライム,化学,ニチユ
4410,ハリマ化成グループ,ハリマカセイグループ,東証プライム,化学,ハリマカセイグループ
4413,ボードルア,ボードルア,東証プライム,情報・通信業,ボードルア
4432,ウイングアーク１ｓｔ,ウイングアーク１ｓｔ,東証プライム,情報・通信業,ウイングアーク１ｓｔ
4433,ヒト・コミュニケーションズ・ホールディングス,ヒト・コミュニケーションズ・ホールディングス,東証プライム,情報・通信業,ヒト・コミュニケーションズ・ホールディングス
4443,Ｓａｎｓａｎ,Ｓａｎｓａｎ,東証プライム,情報・通信業,Ｓａｎｓａｎ
4446,Ｌｉｎｋ－Ｕグループ,Ｌｉｎｋ－Ｕグループ,東証プライム,情報・通信業,Ｌｉｎｋ－Ｕグループ
4449,ギフティ,ギフティ,東証プライム,情報・通信業,ギフティ
4452,花王,カオウ,東証プライム,化学,カオウ
4461,第一工業製薬,ダイイチコウギョウセイヤク,東証プライム,化学,ダイイチコウギョウセイヤク
4462,石原ケミカル,イシハラケミカル,東証プライム,化学,イシハラケミカル
4471,三洋化成工業,サンヨウカセイコウギョウ,東証プライム,化学,サンヨウカセイコウギョウ
4480,メドレー,メドレー,東証プライム,情報・通信業,メドレー
4481,ベース,ベース,東証プライム,情報・通信業,ベース
4483,ＪＭＤＣ,ＪＭＤＣ,東証プライム,情報・通信業,ＪＭＤＣ
4502,武田薬品工業,タケダヤクヒンコウギョウ,東証プライム,医薬品,タケダヤクヒンコウギョウ
4503,アステラス製薬,アステラスセイヤク,東証プライム,医薬品,アステラスセイヤク
4506,住友ファーマ,スミトモファーマ,東証プライム,医薬品,スミトモファーマ
4507,塩野義製薬,シオノギセイヤク,東証プライム,医薬品,シオノギセイヤク
4516,日本新薬,ニホンシンヤク,東証プライム,医薬品,ニホンシンヤク
4519,中外製薬,チュウガイセイヤク,東証プライム,医薬品,チュウガイセイヤク
4521,科研製薬,カケンセイヤク,東証プライム,医薬品,カケンセイヤク
4523,エーザイ,エーザイ,東証プライム,医薬品,エーザイ
4526,理研ビタミン,リケンビタミン,東証プライム,食料品,リケンビタミン
4527,ロート製薬,ロートセイヤク,東証プライム,医薬品,ロートセイヤク
4528,小野薬品工業,オノヤクヒンコウギョウ,東証プライム,医薬品,オノヤクヒンコウギョウ
4530,久光製薬,ヒサミツセイヤク,東証プライム,医薬品,ヒサミツセイヤク
4534,持田製薬,モチダセイヤク,東証プライム,医薬品,モチダセイヤク
4536,参天製薬,サンテンセイヤク,東証プライム,医薬品,サンテンセイヤク
4538,扶桑薬品工業,フソウヤクヒンコウギョウ,東証プライム,医薬品,フソウヤクヒンコウギョウ
4540,ツムラ,ツムラ,東証プライム,医薬品,ツムラ
4543,テルモ,テルモ,東証プライム,精密機器,テルモ
4544,Ｈ．Ｕ．グループホールディングス,Ｈ．Ｕ．グループホールディングス,東証プライム,サービス業,Ｈ．Ｕ．グループホールディングス
4547,キッセイ薬品工業,キッセイヤクヒンコウギョウ,東証プライム,医薬品,キッセイヤクヒンコウギョウ
4548,生化学工業,セイカガクコウギョウ,東証プライム,医薬品,セイカガクコウギョウ
4549,栄研化学,エイケンカガク,東証プライム,医薬品,エイケンカガク
4552,ＪＣＲファーマ,ＪＣＲファーマ,東証プライム,医薬品,ＪＣＲファーマ
4553,東和薬品,トウワヤクヒン,東証プライム,医薬品,トウワヤクヒン
4554,富士製薬工業,フジセイヤクコウギョウ,東証プライム,医薬品,フジセイヤクコウギョウ
4559,ゼリア新薬工業,ゼリアシンヤクコウギョウ,東証プライム,医薬品,ゼリアシンヤクコウギョウ
4565,ネクセラファーマ,ネクセラファーマ,東証プライム,医薬品,ネクセラファーマ
4568,第一三共,ダイイチサンキョウ,東証プライム,医薬品,ダイイチサンキョウ
4569,杏林製薬,キョウリンセイヤク,東証プライム,医薬品,キョウリンセイヤク
4574,大幸薬品,ダイコウヤクヒン,東証プライム,医薬品,ダイコウヤクヒン
4577,ダイト,ダイト,東証プライム,医薬品,ダイト
4578,大塚ホールディングス,オオツカホールディングス,東証プライム,医薬品,オオツカホールディングス
4587,ペプチドリーム,ペプチドリーム,東証プライム,医薬品,ペプチドリーム
4611,大日本塗料,ダイニッポントリョウ,東証プライム,化学,ダイニッポントリョウ
4612,日本ペイントホールディングス,ニホンペイントホールディングス,東証プライム,化学,ニホンペイントホールディングス
4613,関西ペイント,カンサイペイント,東証プライム,化学,カンサイペイント
4617,中国塗料,チュウゴクトリョウ,東証プライム,化学,チュウゴクトリョウ
4626,太陽ホールディングス,タイヨウホールディングス,東証プライム,化学,タイヨウホールディングス
4631,ＤＩＣ,ＤＩＣ,東証プライム,化学,ＤＩＣ
4633,サカタインクス,サカタインクス,東証プライム,化学,サカタインクス
4634,ａｒｔｉｅｎｃｅ,ａｒｔｉｅｎｃｅ,東証プライム,化学,ａｒｔｉｅｎｃｅ
4641,アルプス技研,アルプスギケン,東証プライム,サービス業,アルプスギケン
4658,日本空調サービス,ニホンクウチョウサービス,東証プライム,サービス業,ニホンクウチョウサービス
4661,オリエンタルランド,オリエンタルランド,東証プライム,サービス業,オリエンタルランド
4662,フォーカスシステムズ,フォーカスシステムズ,東証プライム,情報・通信業,フォーカスシステムズ
4665,ダスキン,ダスキン,東証プライム,サービス業,ダスキン
4666,パーク２４,パーク２４,東証プライム,不動産業,パーク２４
4668,明光ネットワークジャパン,メイコウネットワークジャパン,東証プライム,サービス業,メイコウネットワークジャパン
4674,クレスコ,クレスコ,東証プライム,情報・通信業,クレスコ
4676,フジ・メディア・ホールディングス,フジ・メディア・ホールディングス,東証プライム,情報・通信業,フジ・メディア・ホールディングス
4680,ラウンドワン,ラウンドワン,東証プライム,サービス業,ラウンドワン
4681,リゾートトラスト,リゾートトラスト,東証プライム,サービス業,リゾートトラスト
4684,オービック,オービック,東証プライム,情報・通信業,オービック
4686,ジャストシステム,ジャストシステム,東証プライム,情報・通信業,ジャストシステム
4687,ＴＤＣソフト,ＴＤＣソフト,東証プライム,情報・通信業,ＴＤＣソフト
4689,ＬＩＮＥヤフー,ＬＩＮＥヤフー,東証プライム,情報・通信業,ＬＩＮＥヤフー
4694,ビー・エム・エル,ビー・エム・エル,東証プライム,サービス業,ビー・エム・エル
4704,トレンドマイクロ,トレンドマイクロ,東証プライム,情報・通信業,トレンドマイクロ
4709,ＩＤホールディングス,ＩＤホールディングス,東証プライム,情報・通信業,ＩＤホールディングス
4714,リソー教育グループ,リソーキョウイクグループ,東証プライム,サービス業,リソーキョウイクグループ
4718,早稲田アカデミー,ワセダアカデミー,東証プライム,サービス業,ワセダアカデミー
4719,アルファシステムズ,アルファシステムズ,東証プライム,情報・通信業,アルファシステムズ
471A,ＮＳグループ,ＮＳグループ,東証プライム,その他金融業,ＮＳグループ
4722,フューチャー,フューチャー,東証プライム,情報・通信業,フューチャー
4725,ＣＡＣ　Ｈｏｌｄｉｎｇｓ,ＣＡＣ　Ｈｏｌｄｉｎｇｓ,東証プライム,情報・通信業,ＣＡＣ　Ｈｏｌｄｉｎｇｓ
4732,ユー・エス・エス,ユー・エス・エス,東証プライム,サービス業,ユー・エス・エス
4733,オービックビジネスコンサルタント,オービックビジネスコンサルタント,東証プライム,情報・通信業,オービックビジネスコンサルタント
4743,アイティフォー,アイティフォー,東証プライム,情報・通信業,アイティフォー
4751,サイバーエージェント,サイバーエージェント,東証プライム,サービス業,サイバーエージェント
4755,楽天グループ,ラクテングループ,東証プライム,サービス業,ラクテングループ
4763,クリーク・アンド・リバー社,クリーク・アンド・リバーシャ,東証プライム,サービス業,クリーク・アンド・リバーシャ
4765,ＳＢＩグローバルアセットマネジメント,ＳＢＩグローバルアセットマネジメント,東証プライム,サービス業,ＳＢＩグローバルアセットマネジメント
4768,大塚商会,オオツカショウカイ,東証プライム,情報・通信業,オオツカショウカイ
4776,サイボウズ,サイボウズ,東証プライム,情報・通信業,サイボウズ
4784,ＧＭＯインターネット,ＧＭＯインターネット,東証プライム,サービス業,ＧＭＯインターネット
4792,山田コンサルティンググループ,ヤマダコンサルティンググループ,東証プライム,サービス業,ヤマダコンサルティンググループ
4801,セントラルスポーツ,セントラルスポーツ,東証プライム,サービス業,セントラルスポーツ
4809,パラカ,パラカ,東証プライム,不動産業,パラカ
4812,電通総研,デンツウソウケン,東証プライム,情報・通信業,デンツウソウケン
4813,ＡＣＣＥＳＳ,ＡＣＣＥＳＳ,東証プライム,情報・通信業,ＡＣＣＥＳＳ
4819,デジタルガレージ,デジタルガレージ,東証プライム,情報・通信業,デジタルガレージ
4820,イーエムシステムズ,イーエムシステムズ,東証プライム,情報・通信業,イーエムシステムズ
4825,ウェザーニューズ,ウェザーニューズ,東証プライム,情報・通信業,ウェザーニューズ
4826,ＣＩＪ,ＣＩＪ,東証プライム,情報・通信業,ＣＩＪ
4828,ビジネスエンジニアリング,ビジネスエンジニアリング,東証プライム,情報・通信業,ビジネスエンジニアリング
4839,ＷＯＷＯＷ,ＷＯＷＯＷ,東証プライム,情報・通信業,ＷＯＷＯＷ
4845,スカラ,スカラ,東証プライム,情報・通信業,スカラ
4847,インテリジェント　ウェイブ,インテリジェント　ウェイブ,東証プライム,情報・通信業,インテリジェント　ウェイブ
4848,フルキャストホールディングス,フルキャストホールディングス,東証プライム,サービス業,フルキャストホールディングス
4849,エン,エン,東証プライム,サービス業,エン
4880,セルソース,セルソース,東証プライム,医薬品,セルソース
4886,あすか製薬ホールディングス,アスカセイヤクホールディングス,東証プライム,医薬品,アスカセイヤクホールディングス
4887,サワイグループホールディングス,サワイグループホールディングス,東証プライム,医薬品,サワイグループホールディングス
4901,富士フイルムホールディングス,フジフイルムホールディングス,東証プライム,化学,フジフイルムホールディングス
4902,コニカミノルタ,コニカミノルタ,東証プライム,電気機器,コニカミノルタ
4911,資生堂,シセイドウ,東証プライム,化学,シセイドウ
4912,ライオン,ライオン,東証プライム,化学,ライオン
4914,高砂香料工業,タカサゴコウリョウコウギョウ,東証プライム,化学,タカサゴコウリョウコウギョウ
4917,マンダム,マンダム,東証プライム,化学,マンダム
4919,ミルボン,ミルボン,東証プライム,化学,ミルボン
4922,コーセーホールディングス,コーセーホールディングス,東証プライム,化学,コーセーホールディングス
4923,コタ,コタ,東証プライム,化学,コタ
4927,ポーラ・オルビスホールディングス,ポーラ・オルビスホールディングス,東証プライム,化学,ポーラ・オルビスホールディングス
4928,ノエビアホールディングス,ノエビアホールディングス,東証プライム,化学,ノエビアホールディングス
4931,新日本製薬,シンニホンセイヤク,東証プライム,化学,シンニホンセイヤク
4933,Ｉ－ｎｅ,Ｉ－ｎｅ,東証プライム,化学,Ｉ－ｎｅ
4951,エステー,エステー,東証プライム,化学,エステー
4956,コニシ,コニシ,東証プライム,化学,コニシ
4958,長谷川香料,ハセガワコウリョウ,東証プライム,化学,ハセガワコウリョウ
4967,小林製薬,コバヤシセイヤク,東証プライム,化学,コバヤシセイヤク
4968,荒川化学工業,アラカワカガクコウギョウ,東証プライム,化学,アラカワカガクコウギョウ
4971,メック,メック,東証プライム,化学,メック
4973,日本高純度化学,ニホンコウジュンドカガク,東証プライム,化学,ニホンコウジュンドカガク
4974,タカラバイオ,タカラバイオ,東証プライム,化学,タカラバイオ
4975,ＪＣＵ,ＪＣＵ,東証プライム,化学,ＪＣＵ
4980,デクセリアルズ,デクセリアルズ,東証プライム,化学,デクセリアルズ
4985,アース製薬,アースセイヤク,東証プライム,化学,アースセイヤク
4996,クミアイ化学工業,クミアイカガクコウギョウ,東証プライム,化学,クミアイカガクコウギョウ
4997,日本農薬,ニホンノウヤク,東証プライム,化学,ニホンノウヤク
5011,ニチレキグループ,ニチレキグループ,東証プライム,石油・石炭製品,ニチレキグループ
5016,ＪＸ金属,ＪＸキンゾク,東証プライム,非鉄金属,ＪＸキンゾク
5019,出光興産,イデミツコウサン,東証プライム,石油・石炭製品,イデミツコウサン
5020,ＥＮＥＯＳホールディングス,ＥＮＥＯＳホールディングス,東証プライム,石油・石炭製品,ＥＮＥＯＳホールディングス
5021,コスモエネルギーホールディングス,コスモエネルギーホールディングス,東証プライム,石油・石炭製品,コスモエネルギーホールディングス
5032,ＡＮＹＣＯＬＯＲ,ＡＮＹＣＯＬＯＲ,東証プライム,情報・通信業,ＡＮＹＣＯＬＯＲ
5036,日本ビジネスシステムズ,ニホンビジネスシステムズ,東証プライム,情報・通信業,ニホンビジネスシステムズ
5074,テスホールディングス,テスホールディングス,東証プライム,建設業,テスホールディングス
5076,インフロニア・ホールディングス,インフロニア・ホールディングス,東証プライム,建設業,インフロニア・ホールディングス
50765,インフロニア・ホールディングス第１回社債型種類株式,インフロニア・ホールディングスダイ１カイシャサイガタシュルイカブシキ,東証プライム,建設業,インフロニア・ホールディングスダイ１カイシャサイガタシュルイカブシキ
5101,横浜ゴム,ヨコハマゴム,東証プライム,ゴム製品,ヨコハマゴム
5105,ＴＯＹＯ　ＴＩＲＥ,ＴＯＹＯ　ＴＩＲＥ,東証プライム,ゴム製品,ＴＯＹＯ　ＴＩＲＥ
5108,ブリヂストン,ブリヂストン,東証プライム,ゴム製品,ブリヂストン
5110,住友ゴム工業,スミトモゴムコウギョウ,東証プライム,ゴム製品,スミトモゴムコウギョウ
5121,藤倉コンポジット,フジクラコンポジット,東証プライム,ゴム製品,フジクラコンポジット
5122,オカモト,オカモト,東証プライム,ゴム製品,オカモト
5142,アキレス,アキレス,東証プライム,化学,アキレス
5185,フコク,フコク,東証プライム,ゴム製品,フコク
5186,ニッタ,ニッタ,東証プライム,ゴム製品,ニッタ
5192,三ツ星ベルト,ミツボシベルト,東証プライム,ゴム製品,ミツボシベルト
5195,バンドー化学,バンドーカガク,東証プライム,ゴム製品,バンドーカガク
5201,ＡＧＣ,ＡＧＣ,東証プライム,ガラス・土石製品,ＡＧＣ
5202,日本板硝子,ニホンイタガラス,東証プライム,ガラス・土石製品,ニホンイタガラス
5208,有沢製作所,アリサワセイサクショ,東証プライム,化学,アリサワセイサクショ
5214,日本電気硝子,ニホンデンキガラス,東証プライム,ガラス・土石製品,ニホンデンキガラス
5232,住友大阪セメント,スミトモオオサカセメント,東証プライム,ガラス・土石製品,スミトモオオサカセメント
5233,太平洋セメント,タイヘイヨウセメント,東証プライム,ガラス・土石製品,タイヘイヨウセメント
5261,リソルホールディングス,リソルホールディングス,東証プライム,サービス業,リソルホールディングス
5262,日本ヒューム,ニホンヒューム,東証プライム,ガラス・土石製品,ニホンヒューム
5269,日本コンクリート工業,ニホンコンクリートコウギョウ,東証プライム,ガラス・土石製品,ニホンコンクリートコウギョウ
5288,アジアパイルホールディングス,アジアパイルホールディングス,東証プライム,ガラス・土石製品,アジアパイルホールディングス
5301,東海カーボン,トウカイカーボン,東証プライム,ガラス・土石製品,トウカイカーボン
5302,日本カーボン,ニホンカーボン,東証プライム,ガラス・土石製品,ニホンカーボン
5310,東洋炭素,トウヨウタンソ,東証プライム,ガラス・土石製品,トウヨウタンソ
5331,ノリタケ,ノリタケ,東証プライム,ガラス・土石製品,ノリタケ
5332,ＴＯＴＯ,ＴＯＴＯ,東証プライム,ガラス・土石製品,ＴＯＴＯ
5333,日本碍子,ニホンガイシ,東証プライム,ガラス・土石製品,ニホンガイシ
5334,日本特殊陶業,ニホントクシュトウギョウ,東証プライム,ガラス・土石製品,ニホントクシュトウギョウ
5344,ＭＡＲＵＷＡ,ＭＡＲＵＷＡ,東証プライム,ガラス・土石製品,ＭＡＲＵＷＡ
5351,品川リフラ,シナガワリフラ,東証プライム,ガラス・土石製品,シナガワリフラ
5352,黒崎播磨,クロサキハリマ,東証プライム,ガラス・土石製品,クロサキハリマ
5357,ヨータイ,ヨータイ,東証プライム,ガラス・土石製品,ヨータイ
5384,フジミインコーポレーテッド,フジミインコーポレーテッド,東証プライム,ガラス・土石製品,フジミインコーポレーテッド
5393,ニチアス,ニチアス,東証プライム,ガラス・土石製品,ニチアス
5401,日本製鉄,ニホンセイテツ,東証プライム,鉄鋼,ニホンセイテツ
5406,神戸製鋼所,コウベセイコウショ,東証プライム,鉄鋼,コウベセイコウショ
5408,中山製鋼所,ナカヤマセイコウショ,東証プライム,鉄鋼,ナカヤマセイコウショ
5410,合同製鐵,ゴウドウセイテツ,東証プライム,鉄鋼,ゴウドウセイテツ
5411,ＪＦＥホールディングス,ＪＦＥホールディングス,東証プライム,鉄鋼,ＪＦＥホールディングス
5423,東京製鐵,トウキョウセイテツ,東証プライム,鉄鋼,トウキョウセイテツ
5440,共英製鋼,キョウエイセイコウ,東証プライム,鉄鋼,キョウエイセイコウ
5444,大和工業,ヤマトコウギョウ,東証プライム,鉄鋼,ヤマトコウギョウ
5445,東京鐵鋼,トウキョウテッコウ,東証プライム,鉄鋼,トウキョウテッコウ
5451,ヨドコウ,ヨドコウ,東証プライム,鉄鋼,ヨドコウ
5461,中部鋼鈑,チュウブコウハン,東証プライム,鉄鋼,チュウブコウハン
5463,丸一鋼管,マルイチコウカン,東証プライム,鉄鋼,マルイチコウカン
5471,大同特殊鋼,ダイドウトクシュコウ,東証プライム,鉄鋼,ダイドウトクシュコウ
5480,日本冶金工業,ニホンヤキンコウギョウ,東証プライム,鉄鋼,ニホンヤキンコウギョウ
5482,愛知製鋼,アイチセイコウ,東証プライム,鉄鋼,アイチセイコウ
5535,ミガロホールディングス,ミガロホールディングス,東証プライム,不動産業,ミガロホールディングス
5541,大平洋金属,タイヘイヨウキンゾク,東証プライム,鉄鋼,タイヘイヨウキンゾク
5563,新日本電工,シンニホンデンコウ,東証プライム,鉄鋼,シンニホンデンコウ
5602,栗本鐵工所,クリモトテッコウショ,東証プライム,鉄鋼,クリモトテッコウショ
5631,日本製鋼所,ニホンセイコウショ,東証プライム,機械,ニホンセイコウショ
5632,三菱製鋼,ミツビシセイコウ,東証プライム,鉄鋼,ミツビシセイコウ
5659,日本精線,ニッポンセイセン,東証プライム,鉄鋼,ニッポンセイセン
5702,大紀アルミニウム工業所,ダイキアルミニウムコウギョウショ,東証プライム,非鉄金属,ダイキアルミニウムコウギョウショ
5703,日本軽金属ホールディングス,ニッポンケイキンゾクホールディングス,東証プライム,非鉄金属,ニッポンケイキンゾクホールディングス
5706,三井金属,ミツイキンゾク,東証プライム,非鉄金属,ミツイキンゾク
5707,東邦亜鉛,トウホウアエン,東証プライム,非鉄金属,トウホウアエン
5711,三菱マテリアル,ミツビシマテリアル,東証プライム,非鉄金属,ミツビシマテリアル
5713,住友金属鉱山,スミトモキンゾクコウザン,東証プライム,非鉄金属,スミトモキンゾクコウザン
5714,ＤＯＷＡホールディングス,ＤＯＷＡホールディングス,東証プライム,非鉄金属,ＤＯＷＡホールディングス
5715,古河機械金属,フルカワキカイキンゾク,東証プライム,非鉄金属,フルカワキカイキンゾク
5726,大阪チタニウムテクノロジーズ,オオサカチタニウムテクノロジーズ,東証プライム,非鉄金属,オオサカチタニウムテクノロジーズ
5727,東邦チタニウム,トウホウチタニウム,東証プライム,非鉄金属,トウホウチタニウム
5741,ＵＡＣＪ,ＵＡＣＪ,東証プライム,非鉄金属,ＵＡＣＪ
5757,ＣＫサンエツ,ＣＫサンエツ,東証プライム,非鉄金属,ＣＫサンエツ
5801,古河電気工業,フルカワデンキコウギョウ,東証プライム,非鉄金属,フルカワデンキコウギョウ
5802,住友電気工業,スミトモデンキコウギョウ,東証プライム,非鉄金属,スミトモデンキコウギョウ
5803,フジクラ,フジクラ,東証プライム,非鉄金属,フジクラ
5805,ＳＷＣＣ,ＳＷＣＣ,東証プライム,非鉄金属,ＳＷＣＣ
5821,平河ヒューテック,ヒラカワヒューテック,東証プライム,非鉄金属,ヒラカワヒューテック
5830,いよぎんホールディングス,イヨギンホールディングス,東証プライム,銀行業,イヨギンホールディングス
5831,しずおかフィナンシャルグループ,シズオカフィナンシャルグループ,東証プライム,銀行業,シズオカフィナンシャルグループ
5832,ちゅうぎんフィナンシャルグループ,チュウギンフィナンシャルグループ,東証プライム,銀行業,チュウギンフィナンシャルグループ
5838,楽天銀行,ラクテンギンコウ,東証プライム,銀行業,ラクテンギンコウ
5844,京都フィナンシャルグループ,キョウトフィナンシャルグループ,東証プライム,銀行業,キョウトフィナンシャルグループ
5851,リョービ,リョービ,東証プライム,非鉄金属,リョービ
5852,アーレスティ,アーレスティ,東証プライム,非鉄金属,アーレスティ
5857,ＡＲＥホールディングス,ＡＲＥホールディングス,東証プライム,非鉄金属,ＡＲＥホールディングス
5889,Ｊａｐａｎ　Ｅｙｅｗｅａｒ　Ｈｏｌｄｉｎｇｓ,Ｊａｐａｎ　Ｅｙｅｗｅａｒ　Ｈｏｌｄｉｎｇｓ,東証プライム,小売業,Ｊａｐａｎ　Ｅｙｅｗｅａｒ　Ｈｏｌｄｉｎｇｓ
5901,東洋製罐グループホールディングス,トウヨウセイカングループホールディングス,東証プライム,金属製品,トウヨウセイカングループホールディングス
5902,ホッカンホールディングス,ホッカンホールディングス,東証プライム,金属製品,ホッカンホールディングス
5911,横河ブリッジホールディングス,ヨコガワブリッジホールディングス,東証プライム,金属製品,ヨコガワブリッジホールディングス
5929,三和ホールディングス,サンワホールディングス,東証プライム,金属製品,サンワホールディングス
5930,文化シヤッター,ブンカシヤッター,東証プライム,金属製品,ブンカシヤッター
5932,三協立山,サンキョウタテヤマ,東証プライム,金属製品,サンキョウタテヤマ
5933,アルインコ,アルインコ,東証プライム,金属製品,アルインコ
5938,ＬＩＸＩＬ,ＬＩＸＩＬ,東証プライム,金属製品,ＬＩＸＩＬ
5943,ノーリツ,ノーリツ,東証プライム,金属製品,ノーリツ
5946,長府製作所,チョウフセイサクショ,東証プライム,金属製品,チョウフセイサクショ
5947,リンナイ,リンナイ,東証プライム,金属製品,リンナイ
5949,ユニプレス,ユニプレス,東証プライム,輸送用機器,ユニプレス
5957,日東精工,ニットウセイコウ,東証プライム,金属製品,ニットウセイコウ
5959,岡部,オカベ,東証プライム,金属製品,オカベ
5970,ジーテクト,ジーテクト,東証プライム,金属製品,ジーテクト
5975,東プレ,トウプレ,東証プライム,金属製品,トウプレ
5976,高周波熱錬,コウシュウハネツレン,東証プライム,金属製品,コウシュウハネツレン
5981,東京製綱,トウキョウセイコウ,東証プライム,金属製品,トウキョウセイコウ
5988,パイオラックス,パイオラックス,東証プライム,金属製品,パイオラックス
5989,エイチワン,エイチワン,東証プライム,金属製品,エイチワン
5991,日本発條,ニホンハツジョウ,東証プライム,金属製品,ニホンハツジョウ
6005,三浦工業,ミウラコウギョウ,東証プライム,機械,ミウラコウギョウ
6013,タクマ,タクマ,東証プライム,機械,タクマ
6027,弁護士ドットコム,ベンゴシドットコム,東証プライム,サービス業,ベンゴシドットコム
6035,アイ・アールジャパンホールディングス,アイ・アールジャパンホールディングス,東証プライム,サービス業,アイ・アールジャパンホールディングス
6036,ＫｅｅＰｅｒ技研,ＫｅｅＰｅｒギケン,東証プライム,サービス業,ＫｅｅＰｅｒギケン
6047,Ｇｕｎｏｓｙ,Ｇｕｎｏｓｙ,東証プライム,サービス業,Ｇｕｎｏｓｙ
6050,イー・ガーディアン,イー・ガーディアン,東証プライム,サービス業,イー・ガーディアン
6055,ジャパンマテリアル,ジャパンマテリアル,東証プライム,サービス業,ジャパンマテリアル
6058,ベクトル,ベクトル,東証プライム,サービス業,ベクトル
6062,チャーム・ケア・コーポレーション,チャーム・ケア・コーポレーション,東証プライム,サービス業,チャーム・ケア・コーポレーション
6070,キャリアリンク,キャリアリンク,東証プライム,サービス業,キャリアリンク
6071,ＩＢＪ,ＩＢＪ,東証プライム,サービス業,ＩＢＪ
6073,アサンテ,アサンテ,東証プライム,サービス業,アサンテ
6078,バリューＨＲ,バリューＨＲ,東証プライム,サービス業,バリューＨＲ
6080,Ｍ＆Ａキャピタルパートナーズ,Ｍ＆Ａキャピタルパートナーズ,東証プライム,サービス業,Ｍ＆Ａキャピタルパートナーズ
6088,シグマクシス・ホールディングス,シグマクシス・ホールディングス,東証プライム,サービス業,シグマクシス・ホールディングス
6089,ウィルグループ,ウィルグループ,東証プライム,サービス業,ウィルグループ
6098,リクルートホールディングス,リクルートホールディングス,東証プライム,サービス業,リクルートホールディングス
6099,エラン,エラン,東証プライム,サービス業,エラン
6101,ツガミ,ツガミ,東証プライム,機械,ツガミ
6103,オークマ,オークマ,東証プライム,機械,オークマ
6104,芝浦機械,シバウラキカイ,東証プライム,機械,シバウラキカイ
6113,アマダ,アマダ,東証プライム,機械,アマダ
6118,アイダエンジニアリング,アイダエンジニアリング,東証プライム,機械,アイダエンジニアリング
6134,ＦＵＪＩ,ＦＵＪＩ,東証プライム,機械,ＦＵＪＩ
6135,牧野フライス製作所,マキノフライスセイサクショ,東証プライム,機械,マキノフライスセイサクショ
6136,オーエスジー,オーエスジー,東証プライム,機械,オーエスジー
6140,旭ダイヤモンド工業,アサヒダイヤモンドコウギョウ,東証プライム,機械,アサヒダイヤモンドコウギョウ
6141,ＤＭＧ森精機,ＤＭＧモリセイキ,東証プライム,機械,ＤＭＧモリセイキ
6143,ソディック,ソディック,東証プライム,機械,ソディック
6146,ディスコ,ディスコ,東証プライム,機械,ディスコ
6151,日東工器,ニットウコウキ,東証プライム,機械,ニットウコウキ
6167,冨士ダイス,フジダイス,東証プライム,機械,フジダイス
6178,日本郵政,ニホンユウセイ,東証プライム,サービス業,ニホンユウセイ
6183,ベルシステム２４ホールディングス,ベルシステム２４ホールディングス,東証プライム,サービス業,ベルシステム２４ホールディングス
6184,鎌倉新書,カマクラシンショ,東証プライム,サービス業,カマクラシンショ
6191,エアトリ,エアトリ,東証プライム,サービス業,エアトリ
6194,アトラエ,アトラエ,東証プライム,サービス業,アトラエ
6196,ストライク,ストライク,東証プライム,サービス業,ストライク
6197,ソラスト,ソラスト,東証プライム,サービス業,ソラスト
6200,インソース,インソース,東証プライム,サービス業,インソース
6201,豊田自動織機,トヨタジドウショッキ,東証プライム,輸送用機器,トヨタジドウショッキ
6209,リケンＮＰＲ,リケンＮＰＲ,東証プライム,機械,リケンＮＰＲ
6222,島精機製作所,シマセイキセイサクショ,東証プライム,機械,シマセイキセイサクショ
6235,オプトラン,オプトラン,東証プライム,機械,オプトラン
6237,イワキポンプ,イワキポンプ,東証プライム,機械,イワキポンプ
6238,フリュー,フリュー,東証プライム,機械,フリュー
6240,ヤマシンフィルタ,ヤマシンフィルタ,東証プライム,機械,ヤマシンフィルタ
6247,日阪製作所,ヒサカセイサクショ,東証プライム,機械,ヒサカセイサクショ
6250,やまびこ,ヤマビコ,東証プライム,機械,ヤマビコ
6254,野村マイクロ・サイエンス,ノムラマイクロ・サイエンス,東証プライム,機械,ノムラマイクロ・サイエンス
6258,平田機工,ヒラタキコウ,東証プライム,機械,ヒラタキコウ
6264,マルマエ,マルマエ,東証プライム,機械,マルマエ
6266,タツモ,タツモ,東証プライム,機械,タツモ
6268,ナブテスコ,ナブテスコ,東証プライム,機械,ナブテスコ
6269,三井海洋開発,ミツイカイヨウカイハツ,東証プライム,機械,ミツイカイヨウカイハツ
6272,レオン自動機,レオンジドウキ,東証プライム,機械,レオンジドウキ
6273,ＳＭＣ,ＳＭＣ,東証プライム,機械,ＳＭＣ
6277,ホソカワミクロン,ホソカワミクロン,東証プライム,機械,ホソカワミクロン
6278,ユニオンツール,ユニオンツール,東証プライム,機械,ユニオンツール
6279,瑞光,ズイコウ,東証プライム,機械,ズイコウ
6282,オイレス工業,オイレスコウギョウ,東証プライム,機械,オイレスコウギョウ
6284,日精エー・エス・ビー機械,ニッセイエー・エス・ビーキカイ,東証プライム,機械,ニッセイエー・エス・ビーキカイ
6287,サトー,サトー,東証プライム,機械,サトー
6289,技研製作所,ギケンセイサクショ,東証プライム,機械,ギケンセイサクショ
6293,日精樹脂工業,ニッセイジュシコウギョウ,東証プライム,機械,ニッセイジュシコウギョウ
6294,オカダアイヨン,オカダアイヨン,東証プライム,機械,オカダアイヨン
6298,ワイエイシイホールディングス,ワイエイシイホールディングス,東証プライム,機械,ワイエイシイホールディングス
6301,小松製作所,コマツセイサクショ,東証プライム,機械,コマツセイサクショ
6302,住友重機械工業,スミトモジュウキカイコウギョウ,東証プライム,機械,スミトモジュウキカイコウギョウ
6305,日立建機,ヒタチケンキ,東証プライム,機械,ヒタチケンキ
6306,日工,ニッコウ,東証プライム,機械,ニッコウ
6309,巴工業,トモエコウギョウ,東証プライム,機械,トモエコウギョウ
6310,井関農機,イセキノウキ,東証プライム,機械,イセキノウキ
6315,ＴＯＷＡ,ＴＯＷＡ,東証プライム,機械,ＴＯＷＡ
6323,ローツェ,ローツェ,東証プライム,機械,ローツェ
6324,ハーモニック・ドライブ・システムズ,ハーモニック・ドライブ・システムズ,東証プライム,機械,ハーモニック・ドライブ・システムズ
6326,クボタ,クボタ,東証プライム,機械,クボタ
6328,荏原実業,エバラジツギョウ,東証プライム,機械,エバラジツギョウ
6330,東洋エンジニアリング,トウヨウエンジニアリング,東証プライム,建設業,トウヨウエンジニアリング
6331,三菱化工機,ミツビシカコウキ,東証プライム,機械,ミツビシカコウキ
6332,月島ホールディングス,ツキシマホールディングス,東証プライム,機械,ツキシマホールディングス
6333,帝国電機製作所,テイコクデンキセイサクショ,東証プライム,機械,テイコクデンキセイサクショ
6339,新東工業,シントウコウギョウ,東証プライム,機械,シントウコウギョウ
6340,澁谷工業,シブヤコウギョウ,東証プライム,機械,シブヤコウギョウ
6345,アイチ　コーポレーション,アイチ　コーポレーション,東証プライム,機械,アイチ　コーポレーション
6349,小森コーポレーション,コモリコーポレーション,東証プライム,機械,コモリコーポレーション
6351,鶴見製作所,ツルミセイサクショ,東証プライム,機械,ツルミセイサクショ
6358,酒井重工業,サカイジュウコウギョウ,東証プライム,機械,サカイジュウコウギョウ
6361,荏原製作所,エバラセイサクショ,東証プライム,機械,エバラセイサクショ
6363,酉島製作所,トリシマセイサクショ,東証プライム,機械,トリシマセイサクショ
6364,ＡＩＲＭＡＮ,ＡＩＲＭＡＮ,東証プライム,機械,ＡＩＲＭＡＮ
6367,ダイキン工業,ダイキンコウギョウ,東証プライム,機械,ダイキンコウギョウ
6368,オルガノ,オルガノ,東証プライム,機械,オルガノ
6369,トーヨーカネツ,トーヨーカネツ,東証プライム,機械,トーヨーカネツ
6370,栗田工業,クリタコウギョウ,東証プライム,機械,クリタコウギョウ
6371,椿本チエイン,ツバキモトチエイン,東証プライム,機械,ツバキモトチエイン
6376,日機装,ニッキソウ,東証プライム,精密機器,ニッキソウ
6379,レイズネクスト,レイズネクスト,東証プライム,建設業,レイズネクスト
6381,アネスト岩田,アネストイワタ,東証プライム,機械,アネストイワタ
6383,ダイフク,ダイフク,東証プライム,機械,ダイフク
6387,サムコ,サムコ,東証プライム,機械,サムコ
6390,加藤製作所,カトウセイサクショ,東証プライム,機械,カトウセイサクショ
6395,タダノ,タダノ,東証プライム,機械,タダノ
6406,フジテック,フジテック,東証プライム,機械,フジテック
6407,ＣＫＤ,ＣＫＤ,東証プライム,機械,ＣＫＤ
6412,平和,ヘイワ,東証プライム,機械,ヘイワ
6413,理想科学工業,リソウカガクコウギョウ,東証プライム,機械,リソウカガクコウギョウ
6417,ＳＡＮＫＹＯ,ＳＡＮＫＹＯ,東証プライム,機械,ＳＡＮＫＹＯ
6418,日本金銭機械,ニホンキンセンキカイ,東証プライム,機械,ニホンキンセンキカイ
6419,マースグループホールディングス,マースグループホールディングス,東証プライム,機械,マースグループホールディングス
6420,ガリレイ,ガリレイ,東証プライム,機械,ガリレイ
6430,ダイコク電機,ダイコクデンキ,東証プライム,機械,ダイコクデンキ
6432,竹内製作所,タケウチセイサクショ,東証プライム,機械,タケウチセイサクショ
6436,アマノ,アマノ,東証プライム,機械,アマノ
6440,ＪＵＫＩ,ＪＵＫＩ,東証プライム,機械,ＪＵＫＩ
6445,ジャノメ,ジャノメ,東証プライム,機械,ジャノメ
6448,ブラザー工業,ブラザーコウギョウ,東証プライム,電気機器,ブラザーコウギョウ
6454,マックス,マックス,東証プライム,機械,マックス
6455,モリタホールディングス,モリタホールディングス,東証プライム,輸送用機器,モリタホールディングス
6457,グローリー,グローリー,東証プライム,機械,グローリー
6458,新晃工業,シンコウコウギョウ,東証プライム,機械,シンコウコウギョウ
6459,大和冷機工業,ダイワレイキコウギョウ,東証プライム,機械,ダイワレイキコウギョウ
6460,セガサミーホールディングス,セガサミーホールディングス,東証プライム,機械,セガサミーホールディングス
6463,ＴＰＲ,ＴＰＲ,東証プライム,機械,ＴＰＲ
6464,ツバキ・ナカシマ,ツバキ・ナカシマ,東証プライム,機械,ツバキ・ナカシマ
6465,ホシザキ,ホシザキ,東証プライム,機械,ホシザキ
6471,日本精工,ニッポンセイコウ,東証プライム,機械,ニッポンセイコウ
6472,ＮＴＮ,ＮＴＮ,東証プライム,機械,ＮＴＮ
6473,ジェイテクト,ジェイテクト,東証プライム,機械,ジェイテクト
6474,不二越,フジコシ,東証プライム,機械,フジコシ
6479,ミネベアミツミ,ミネベアミツミ,東証プライム,電気機器,ミネベアミツミ
6480,日本トムソン,ニホントムソン,東証プライム,機械,ニホントムソン
6481,ＴＨＫ,ＴＨＫ,東証プライム,機械,ＴＨＫ
6486,イーグル工業,イーグルコウギョウ,東証プライム,機械,イーグルコウギョウ
6490,ＰＩＬＬＡＲ,ＰＩＬＬＡＲ,東証プライム,機械,ＰＩＬＬＡＲ
6498,キッツ,キッツ,東証プライム,機械,キッツ
6501,日立製作所,ヒタチセイサクショ,東証プライム,電気機器,ヒタチセイサクショ
6503,三菱電機,ミツビシデンキ,東証プライム,電気機器,ミツビシデンキ
6504,富士電機,フジデンキ,東証プライム,電気機器,フジデンキ
6506,安川電機,ヤスカワデンキ,東証プライム,電気機器,ヤスカワデンキ
6507,シンフォニアテクノロジー,シンフォニアテクノロジー,東証プライム,電気機器,シンフォニアテクノロジー
6508,明電舎,メイデンシャ,東証プライム,電気機器,メイデンシャ
6516,山洋電気,サンヨウデンキ,東証プライム,電気機器,サンヨウデンキ
6517,デンヨー,デンヨー,東証プライム,電気機器,デンヨー
6523,ＰＨＣホールディングス,ＰＨＣホールディングス,東証プライム,電気機器,ＰＨＣホールディングス
6525,ＫＯＫＵＳＡＩ　ＥＬＥＣＴＲＩＣ,ＫＯＫＵＳＡＩ　ＥＬＥＣＴＲＩＣ,東証プライム,電気機器,ＫＯＫＵＳＡＩ　ＥＬＥＣＴＲＩＣ
6526,ソシオネクスト,ソシオネクスト,東証プライム,電気機器,ソシオネクスト
6532,ベイカレント,ベイカレント,東証プライム,サービス業,ベイカレント
6533,Ｏｒｃｈｅｓｔｒａ　Ｈｏｌｄｉｎｇｓ,Ｏｒｃｈｅｓｔｒａ　Ｈｏｌｄｉｎｇｓ,東証プライム,サービス業,Ｏｒｃｈｅｓｔｒａ　Ｈｏｌｄｉｎｇｓ
6535,アイモバイル,アイモバイル,東証プライム,サービス業,アイモバイル
6539,ＭＳ－Ｊａｐａｎ,ＭＳ－Ｊａｐａｎ,東証プライム,サービス業,ＭＳ－Ｊａｐａｎ
6544,ジャパンエレベーターサービスホールディングス,ジャパンエレベーターサービスホールディングス,東証プライム,サービス業,ジャパンエレベーターサービスホールディングス
6560,エル・ティー・エス,エル・ティー・エス,東証プライム,サービス業,エル・ティー・エス
6564,ミダックホールディングス,ミダックホールディングス,東証プライム,サービス業,ミダックホールディングス
6571,キュービーネットホールディングス,キュービーネットホールディングス,東証プライム,サービス業,キュービーネットホールディングス
6572,オープングループ,オープングループ,東証プライム,サービス業,オープングループ
6584,三櫻工業,サンオウコウギョウ,東証プライム,輸送用機器,サンオウコウギョウ
6586,マキタ,マキタ,東証プライム,機械,マキタ
6588,東芝テック,トウシバテック,東証プライム,電気機器,トウシバテック
6590,芝浦メカトロニクス,シバウラメカトロニクス,東証プライム,電気機器,シバウラメカトロニクス
6592,マブチモーター,マブチモーター,東証プライム,電気機器,マブチモーター
6594,ニデック,ニデック,東証プライム,電気機器,ニデック
6615,ユー・エム・シー・エレクトロニクス,ユー・エム・シー・エレクトロニクス,東証プライム,電気機器,ユー・エム・シー・エレクトロニクス
6616,トレックス・セミコンダクター,トレックス・セミコンダクター,東証プライム,電気機器,トレックス・セミコンダクター
6617,東光高岳,トウコウタカオカ,東証プライム,電気機器,トウコウタカオカ
6619,ダブル・スコープ,ダブル・スコープ,東証プライム,電気機器,ダブル・スコープ
6620,宮越ホールディングス,ミヤコシホールディングス,東証プライム,不動産業,ミヤコシホールディングス
6622,ダイヘン,ダイヘン,東証プライム,電気機器,ダイヘン
6630,ヤーマン,ヤーマン,東証プライム,電気機器,ヤーマン
6632,ＪＶＣケンウッド,ＪＶＣケンウッド,東証プライム,電気機器,ＪＶＣケンウッド
6638,ミマキエンジニアリング,ミマキエンジニアリング,東証プライム,電気機器,ミマキエンジニアリング
6644,大崎電気工業,オオサキデンキコウギョウ,東証プライム,電気機器,オオサキデンキコウギョウ
6645,オムロン,オムロン,東証プライム,電気機器,オムロン
6651,日東工業,ニットウコウギョウ,東証プライム,電気機器,ニットウコウギョウ
6652,ＩＤＥＣ,ＩＤＥＣ,東証プライム,電気機器,ＩＤＥＣ
6653,正興電機製作所,セイコウデンキセイサクショ,東証プライム,電気機器,セイコウデンキセイサクショ
6674,ジーエス・ユアサ　コーポレーション,ジーエス・ユアサ　コーポレーション,東証プライム,電気機器,ジーエス・ユアサ　コーポレーション
6699,ダイヤモンドエレクトリックホールディングス,ダイヤモンドエレクトリックホールディングス,東証プライム,電気機器,ダイヤモンドエレクトリックホールディングス
6701,日本電気,ニホンデンキ,東証プライム,電気機器,ニホンデンキ
6702,富士通,フジツウ,東証プライム,電気機器,フジツウ
6703,沖電気工業,オキデンキコウギョウ,東証プライム,電気機器,オキデンキコウギョウ
6706,電気興業,デンキコウギョウ,東証プライム,電気機器,デンキコウギョウ
6707,サンケン電気,サンケンデンキ,東証プライム,電気機器,サンケンデンキ
6718,アイホン,アイホン,東証プライム,電気機器,アイホン
6723,ルネサスエレクトロニクス,ルネサスエレクトロニクス,東証プライム,電気機器,ルネサスエレクトロニクス
6724,セイコーエプソン,セイコーエプソン,東証プライム,電気機器,セイコーエプソン
6727,ワコム,ワコム,東証プライム,電気機器,ワコム
6728,アルバック,アルバック,東証プライム,電気機器,アルバック
6737,ＥＩＺＯ,ＥＩＺＯ,東証プライム,電気機器,ＥＩＺＯ
6740,ジャパンディスプレイ,ジャパンディスプレイ,東証プライム,電気機器,ジャパンディスプレイ
6741,日本信号,ニホンシンゴウ,東証プライム,電気機器,ニホンシンゴウ
6742,京三製作所,キョウサンセイサクショ,東証プライム,電気機器,キョウサンセイサクショ
6744,能美防災,ノウミボウサイ,東証プライム,電気機器,ノウミボウサイ
6745,ホーチキ,ホーチキ,東証プライム,電気機器,ホーチキ
6750,エレコム,エレコム,東証プライム,電気機器,エレコム
6752,パナソニック　ホールディングス,パナソニック　ホールディングス,東証プライム,電気機器,パナソニック　ホールディングス
6753,シャープ,シャープ,東証プライム,電気機器,シャープ
6754,アンリツ,アンリツ,東証プライム,電気機器,アンリツ
6758,ソニーグループ,ソニーグループ,東証プライム,電気機器,ソニーグループ
6762,ＴＤＫ,ＴＤＫ,東証プライム,電気機器,ＴＤＫ
6763,帝国通信工業,テイコクツウシンコウギョウ,東証プライム,電気機器,テイコクツウシンコウギョウ
6768,タムラ製作所,タムラセイサクジョ,東証プライム,電気機器,タムラセイサクジョ
6770,アルプスアルパイン,アルプスアルパイン,東証プライム,電気機器,アルプスアルパイン
6779,日本電波工業,ニホンデンパコウギョウ,東証プライム,電気機器,ニホンデンパコウギョウ
6785,鈴木,スズキ,東証プライム,電気機器,スズキ
6787,メイコー,メイコー,東証プライム,電気機器,メイコー
6788,日本トリム,ニホントリム,東証プライム,電気機器,ニホントリム
6794,フォスター電機,フォスターデンキ,東証プライム,電気機器,フォスターデンキ
6798,ＳＭＫ,ＳＭＫ,東証プライム,電気機器,ＳＭＫ
6800,ヨコオ,ヨコオ,東証プライム,電気機器,ヨコオ
6804,ホシデン,ホシデン,東証プライム,電気機器,ホシデン
6806,ヒロセ電機,ヒロセデンキ,東証プライム,電気機器,ヒロセデンキ
6807,日本航空電子工業,ニホンコウクウデンシコウギョウ,東証プライム,電気機器,ニホンコウクウデンシコウギョウ
6809,ＴＯＡ,ＴＯＡ,東証プライム,電気機器,ＴＯＡ
6810,マクセル,マクセル,東証プライム,電気機器,マクセル
6814,古野電気,フルノデンキ,東証プライム,電気機器,フルノデンキ
6817,スミダコーポレーション,スミダコーポレーション,東証プライム,電気機器,スミダコーポレーション
6820,アイコム,アイコム,東証プライム,電気機器,アイコム
6823,リオン,リオン,東証プライム,電気機器,リオン
6841,横河電機,ヨコガワデンキ,東証プライム,電気機器,ヨコガワデンキ
6844,新電元工業,シンデンゲンコウギョウ,東証プライム,電気機器,シンデンゲンコウギョウ
6845,アズビル,アズビル,東証プライム,電気機器,アズビル
6849,日本光電工業,ニホンコウデンコウギョウ,東証プライム,電気機器,ニホンコウデンコウギョウ
6850,チノー,チノー,東証プライム,電気機器,チノー
6856,堀場製作所,ホリバセイサクショ,東証プライム,電気機器,ホリバセイサクショ
6857,アドバンテスト,アドバンテスト,東証プライム,電気機器,アドバンテスト
6859,エスペック,エスペック,東証プライム,電気機器,エスペック
6861,キーエンス,キーエンス,東証プライム,電気機器,キーエンス
6866,日置電機,ヒオキデンキ,東証プライム,電気機器,ヒオキデンキ
6869,シスメックス,シスメックス,東証プライム,電気機器,シスメックス
6871,日本マイクロニクス,ニホンマイクロニクス,東証プライム,電気機器,ニホンマイクロニクス
6875,メガチップス,メガチップス,東証プライム,電気機器,メガチップス
6902,デンソー,デンソー,東証プライム,輸送用機器,デンソー
6905,コーセル,コーセル,東証プライム,電気機器,コーセル
6908,イリソ電子工業,イリソデンシコウギョウ,東証プライム,電気機器,イリソデンシコウギョウ
6914,オプテックスグループ,オプテックスグループ,東証プライム,電気機器,オプテックスグループ
6920,レーザーテック,レーザーテック,東証プライム,電気機器,レーザーテック
6923,スタンレー電気,スタンレーデンキ,東証プライム,電気機器,スタンレーデンキ
6925,ウシオ電機,ウシオデンキ,東証プライム,電気機器,ウシオデンキ
6929,日本セラミック,ニホンセラミック,東証プライム,電気機器,ニホンセラミック
6941,山一電機,ヤマイチデンキ,東証プライム,電気機器,ヤマイチデンキ
6947,図研,ズケン,東証プライム,電気機器,ズケン
6951,日本電子,ニホンデンシ,東証プライム,電気機器,ニホンデンシ
6952,カシオ計算機,カシオケイサンキ,東証プライム,電気機器,カシオケイサンキ
6954,ファナック,ファナック,東証プライム,電気機器,ファナック
6958,日本シイエムケイ,ニホンシイエムケイ,東証プライム,電気機器,ニホンシイエムケイ
6961,エンプラス,エンプラス,東証プライム,電気機器,エンプラス
6962,大真空,ダイシンクウ,東証プライム,電気機器,ダイシンクウ
6963,ローム,ローム,東証プライム,電気機器,ローム
6965,浜松ホトニクス,ハママツホトニクス,東証プライム,電気機器,ハママツホトニクス
6966,三井ハイテック,ミツイハイテック,東証プライム,電気機器,ミツイハイテック
6971,京セラ,キョウセラ,東証プライム,電気機器,キョウセラ
6976,太陽誘電,タイヨウユウデン,東証プライム,電気機器,タイヨウユウデン
6981,村田製作所,ムラタセイサクショ,東証プライム,電気機器,ムラタセイサクショ
6986,双葉電子工業,フタバデンシコウギョウ,東証プライム,電気機器,フタバデンシコウギョウ
6988,日東電工,ニットウデンコウ,東証プライム,化学,ニットウデンコウ
6995,東海理化電機製作所,トウカイリカデンキセイサクショ,東証プライム,輸送用機器,トウカイリカデンキセイサクショ
6996,ニチコン,ニチコン,東証プライム,電気機器,ニチコン
6997,日本ケミコン,ニッポンケミコン,東証プライム,電気機器,ニッポンケミコン
6999,ＫＯＡ,ＫＯＡ,東証プライム,電気機器,ＫＯＡ
7003,三井Ｅ＆Ｓ,ミツイＥ＆Ｓ,東証プライム,機械,ミツイＥ＆Ｓ
7004,カナデビア,カナデビア,東証プライム,機械,カナデビア
7011,三菱重工業,ミツビシジュウコウギョウ,東証プライム,機械,ミツビシジュウコウギョウ
7012,川崎重工業,カワサキジュウコウギョウ,東証プライム,輸送用機器,カワサキジュウコウギョウ
7013,ＩＨＩ,ＩＨＩ,東証プライム,機械,ＩＨＩ
7033,マネジメントソリューションズ,マネジメントソリューションズ,東証プライム,サービス業,マネジメントソリューションズ
7034,プロレド・パートナーズ,プロレド・パートナーズ,東証プライム,サービス業,プロレド・パートナーズ
7038,フロンティア・マネジメント,フロンティア・マネジメント,東証プライム,サービス業,フロンティア・マネジメント
7059,コプロ・ホールディングス,コプロ・ホールディングス,東証プライム,サービス業,コプロ・ホールディングス
7071,アンビスホールディングス,アンビスホールディングス,東証プライム,サービス業,アンビスホールディングス
7085,カーブスホールディングス,カーブスホールディングス,東証プライム,サービス業,カーブスホールディングス
7088,フォーラムエンジニアリング,フォーラムエンジニアリング,東証プライム,サービス業,フォーラムエンジニアリング
7092,Ｆａｓｔ　Ｆｉｔｎｅｓｓ　Ｊａｐａｎ,Ｆａｓｔ　Ｆｉｔｎｅｓｓ　Ｊａｐａｎ,東証プライム,サービス業,Ｆａｓｔ　Ｆｉｔｎｅｓｓ　Ｊａｐａｎ
7095,Ｍａｃｂｅｅ　Ｐｌａｎｅｔ,Ｍａｃｂｅｅ　Ｐｌａｎｅｔ,東証プライム,サービス業,Ｍａｃｂｅｅ　Ｐｌａｎｅｔ
7102,日本車輌製造,ニッポンシャリョウセイゾウ,東証プライム,輸送用機器,ニッポンシャリョウセイゾウ
7128,ユニソルホールディングス,ユニソルホールディングス,東証プライム,卸売業,ユニソルホールディングス
7130,ヤマエグループホールディングス,ヤマエグループホールディングス,東証プライム,卸売業,ヤマエグループホールディングス
7148,ＦＰＧ,ＦＰＧ,東証プライム,証券、商品先物取引業,ＦＰＧ
7157,ライフネット生命保険,ライフネットセイメイホケン,東証プライム,保険業,ライフネットセイメイホケン
7164,全国保証,ゼンコクホショウ,東証プライム,その他金融業,ゼンコクホショウ
7167,めぶきフィナンシャルグループ,メブキフィナンシャルグループ,東証プライム,銀行業,メブキフィナンシャルグループ
7172,ジャパンインベストメントアドバイザー,ジャパンインベストメントアドバイザー,東証プライム,証券、商品先物取引業,ジャパンインベストメントアドバイザー
7173,東京きらぼしフィナンシャルグループ,トウキョウキラボシフィナンシャルグループ,東証プライム,銀行業,トウキョウキラボシフィナンシャルグループ
7180,九州フィナンシャルグループ,キュウシュウフィナンシャルグループ,東証プライム,銀行業,キュウシュウフィナンシャルグループ
7181,かんぽ生命保険,カンポセイメイホケン,東証プライム,保険業,カンポセイメイホケン
7182,ゆうちょ銀行,ユウチョギンコウ,東証プライム,銀行業,ユウチョギンコウ
7184,富山第一銀行,トヤマダイイチギンコウ,東証プライム,銀行業,トヤマダイイチギンコウ
7186,横浜フィナンシャルグループ,ヨコハマフィナンシャルグループ,東証プライム,銀行業,ヨコハマフィナンシャルグループ
7187,ジェイリース,ジェイリース,東証プライム,その他金融業,ジェイリース
7189,西日本フィナンシャルホールディングス,ニシニホンフィナンシャルホールディングス,東証プライム,銀行業,ニシニホンフィナンシャルホールディングス
7198,ＳＢＩアルヒ,ＳＢＩアルヒ,東証プライム,その他金融業,ＳＢＩアルヒ
7199,プレミアグループ,プレミアグループ,東証プライム,その他金融業,プレミアグループ
7201,日産自動車,ニッサンジドウシャ,東証プライム,輸送用機器,ニッサンジドウシャ
7202,いすゞ自動車,イスゞジドウシャ,東証プライム,輸送用機器,イスゞジドウシャ
7203,トヨタ自動車,トヨタジドウシャ,東証プライム,輸送用機器,トヨタジドウシャ
7205,日野自動車,ヒノジドウシャ,東証プライム,輸送用機器,ヒノジドウシャ
7211,三菱自動車工業,ミツビシジドウシャコウギョウ,東証プライム,輸送用機器,ミツビシジドウシャコウギョウ
7220,武蔵精密工業,ムサシセイミツコウギョウ,東証プライム,輸送用機器,ムサシセイミツコウギョウ
7224,新明和工業,シンメイワコウギョウ,東証プライム,輸送用機器,シンメイワコウギョウ
7226,極東開発工業,キョクトウカイハツコウギョウ,東証プライム,輸送用機器,キョクトウカイハツコウギョウ
7231,トピー工業,トピーコウギョウ,東証プライム,輸送用機器,トピーコウギョウ
7236,ティラド,ティラド,東証プライム,輸送用機器,ティラド
7238,曙ブレーキ工業,アケボノブレーキコウギョウ,東証プライム,輸送用機器,アケボノブレーキコウギョウ
7239,タチエス,タチエス,東証プライム,輸送用機器,タチエス
7240,ＮＯＫ,ＮＯＫ,東証プライム,輸送用機器,ＮＯＫ
7241,フタバ産業,フタバサンギョウ,東証プライム,輸送用機器,フタバサンギョウ
7242,カヤバ,カヤバ,東証プライム,輸送用機器,カヤバ
7244,市光工業,イチコウコウギョウ,東証プライム,電気機器,イチコウコウギョウ
7245,大同メタル工業,ダイドウメタルコウギョウ,東証プライム,輸送用機器,ダイドウメタルコウギョウ
7246,プレス工業,プレスコウギョウ,東証プライム,輸送用機器,プレスコウギョウ
7250,太平洋工業,タイヘイヨウコウギョウ,東証プライム,輸送用機器,タイヘイヨウコウギョウ
7259,アイシン,アイシン,東証プライム,輸送用機器,アイシン
7261,マツダ,マツダ,東証プライム,輸送用機器,マツダ
7267,本田技研工業,ホンダギケンコウギョウ,東証プライム,輸送用機器,ホンダギケンコウギョウ
7269,スズキ,スズキ,東証プライム,輸送用機器,スズキ
7270,ＳＵＢＡＲＵ,ＳＵＢＡＲＵ,東証プライム,輸送用機器,ＳＵＢＡＲＵ
7272,ヤマハ発動機,ヤマハハツドウキ,東証プライム,輸送用機器,ヤマハハツドウキ
7276,小糸製作所,コイトセイサクショ,東証プライム,電気機器,コイトセイサクショ
7278,エクセディ,エクセディ,東証プライム,輸送用機器,エクセディ
7280,ミツバ,ミツバ,東証プライム,電気機器,ミツバ
7282,豊田合成,トヨダゴウセイ,東証プライム,輸送用機器,トヨダゴウセイ
7283,愛三工業,アイサンコウギョウ,東証プライム,輸送用機器,アイサンコウギョウ
7294,ヨロズ,ヨロズ,東証プライム,輸送用機器,ヨロズ
7296,エフ・シー・シー,エフ・シー・シー,東証プライム,輸送用機器,エフ・シー・シー
7309,シマノ,シマノ,東証プライム,輸送用機器,シマノ
7313,テイ・エス　テック,テイ・エス　テック,東証プライム,輸送用機器,テイ・エス　テック
7322,三十三フィナンシャルグループ,サンジュウサンフィナンシャルグループ,東証プライム,銀行業,サンジュウサンフィナンシャルグループ
7327,第四北越フィナンシャルグループ,ダイヨンホクエツフィナンシャルグループ,東証プライム,銀行業,ダイヨンホクエツフィナンシャルグループ
7337,ひろぎんホールディングス,ヒロギンホールディングス,東証プライム,銀行業,ヒロギンホールディングス
7347,マーキュリアホールディングス,マーキュリアホールディングス,東証プライム,証券、商品先物取引業,マーキュリアホールディングス
7350,おきなわフィナンシャルグループ,オキナワフィナンシャルグループ,東証プライム,銀行業,オキナワフィナンシャルグループ
7366,ＬＩＴＡＬＩＣＯ,ＬＩＴＡＬＩＣＯ,東証プライム,サービス業,ＬＩＴＡＬＩＣＯ
7380,十六フィナンシャルグループ,ジュウロクフィナンシャルグループ,東証プライム,銀行業,ジュウロクフィナンシャルグループ
7381,ＣＣＩグループ,ＣＣＩグループ,東証プライム,銀行業,ＣＣＩグループ
7383,ネットプロテクションズホールディングス,ネットプロテクションズホールディングス,東証プライム,その他金融業,ネットプロテクションズホールディングス
7384,プロクレアホールディングス,プロクレアホールディングス,東証プライム,銀行業,プロクレアホールディングス
7388,ＦＰパートナー,ＦＰパートナー,東証プライム,保険業,ＦＰパートナー
7389,あいちフィナンシャルグループ,アイチフィナンシャルグループ,東証プライム,銀行業,アイチフィナンシャルグループ
7414,小野建,オノケン,東証プライム,卸売業,オノケン
7419,ノジマ,ノジマ,東証プライム,小売業,ノジマ
7420,佐鳥電機,サトリデンキ,東証プライム,卸売業,サトリデンキ
7421,カッパ・クリエイト,カッパ・クリエイト,東証プライム,小売業,カッパ・クリエイト
7433,伯東,ハクトウ,東証プライム,卸売業,ハクトウ
7438,コンドーテック,コンドーテック,東証プライム,卸売業,コンドーテック
7447,ナガイレーベン,ナガイレーベン,東証プライム,卸売業,ナガイレーベン
7453,良品計画,リョウヒンケイカク,東証プライム,小売業,リョウヒンケイカク
7456,松田産業,マツダサンギョウ,東証プライム,卸売業,マツダサンギョウ
7458,第一興商,ダイイチコウショウ,東証プライム,卸売業,ダイイチコウショウ
7459,メディパルホールディングス,メディパルホールディングス,東証プライム,卸売業,メディパルホールディングス
7466,ＳＰＫ,ＳＰＫ,東証プライム,卸売業,ＳＰＫ
7467,萩原電気ホールディングス,ハギワラデンキホールディングス,東証プライム,卸売業,ハギワラデンキホールディングス
7475,アルビス,アルビス,東証プライム,小売業,アルビス
7476,アズワン,アズワン,東証プライム,卸売業,アズワン
7482,シモジマ,シモジマ,東証プライム,卸売業,シモジマ
7483,ドウシシャ,ドウシシャ,東証プライム,卸売業,ドウシシャ
7504,高速,コウソク,東証プライム,卸売業,コウソク
7508,Ｇ‐７ホールディングス,Ｇ‐７ホールディングス,東証プライム,小売業,Ｇ‐７ホールディングス
7510,たけびし,タケビシ,東証プライム,卸売業,タケビシ
7513,コジマ,コジマ,東証プライム,小売業,コジマ
7516,コーナン商事,コーナンショウジ,東証プライム,小売業,コーナンショウジ
7520,エコス,エコス,東証プライム,小売業,エコス
7522,ワタミ,ワタミ,東証プライム,小売業,ワタミ
7525,リックス,リックス,東証プライム,卸売業,リックス
7532,パン・パシフィック・インターナショナルホールディングス,パン・パシフィック・インターナショナルホールディングス,東証プライム,小売業,パン・パシフィック・インターナショナルホールディングス
7537,丸文,マルブン,東証プライム,卸売業,マルブン
7545,西松屋チェーン,ニシマツヤチェーン,東証プライム,小売業,ニシマツヤチェーン
7550,ゼンショーホールディングス,ゼンショーホールディングス,東証プライム,小売業,ゼンショーホールディングス
75505,ゼンショーホールディングス第１回社債型種類株式,ゼンショーホールディングスダイ１カイシャサイガタシュルイカブシキ,東証プライム,小売業,ゼンショーホールディングスダイ１カイシャサイガタシュルイカブシキ
7552,ハピネット,ハピネット,東証プライム,卸売業,ハピネット
7554,幸楽苑,コウラクエン,東証プライム,小売業,コウラクエン
7575,日本ライフライン,ニホンライフライン,東証プライム,卸売業,ニホンライフライン
7581,サイゼリヤ,サイゼリヤ,東証プライム,小売業,サイゼリヤ
7593,ＶＴホールディングス,ＶＴホールディングス,東証プライム,小売業,ＶＴホールディングス
7595,アルゴグラフィックス,アルゴグラフィックス,東証プライム,情報・通信業,アルゴグラフィックス
7596,魚力,ウオリキ,東証プライム,小売業,ウオリキ
7599,ＩＤＯＭ,ＩＤＯＭ,東証プライム,卸売業,ＩＤＯＭ
7600,日本エム・ディ・エム,ニホンエム・ディ・エム,東証プライム,精密機器,ニホンエム・ディ・エム
7606,ユナイテッドアローズ,ユナイテッドアローズ,東証プライム,小売業,ユナイテッドアローズ
7607,進和,ススムワ,東証プライム,卸売業,ススムワ
7609,ダイトロン,ダイトロン,東証プライム,卸売業,ダイトロン
7611,ハイデイ日高,ハイデイヒダカ,東証プライム,小売業,ハイデイヒダカ
7613,シークス,シークス,東証プライム,卸売業,シークス
7616,コロワイド,コロワイド,東証プライム,小売業,コロワイド
7628,オーハシテクニカ,オーハシテクニカ,東証プライム,卸売業,オーハシテクニカ
7630,壱番屋,イチバンヤ,東証プライム,小売業,イチバンヤ
7637,白銅,ハクドウ,東証プライム,卸売業,ハクドウ
7649,スギホールディングス,スギホールディングス,東証プライム,小売業,スギホールディングス
7679,薬王堂ホールディングス,ヤクオウドウホールディングス,東証プライム,小売業,ヤクオウドウホールディングス
7683,ダブルエー,ダブルエー,東証プライム,小売業,ダブルエー
7701,島津製作所,シマヅセイサクショ,東証プライム,精密機器,シマヅセイサクショ
7715,長野計器,ナガノケイキ,東証プライム,精密機器,ナガノケイキ
7717,ブイ・テクノロジー,ブイ・テクノロジー,東証プライム,精密機器,ブイ・テクノロジー
7718,スター精密,スターセイミツ,東証プライム,機械,スターセイミツ
7721,東京計器,トウキョウケイキ,東証プライム,精密機器,トウキョウケイキ
7723,愛知時計電機,アイチトケイデンキ,東証プライム,精密機器,アイチトケイデンキ
7725,インターアクション,インターアクション,東証プライム,精密機器,インターアクション
7729,東京精密,トウキョウセイミツ,東証プライム,精密機器,トウキョウセイミツ
7730,マニー,マニー,東証プライム,精密機器,マニー
7731,ニコン,ニコン,東証プライム,精密機器,ニコン
7733,オリンパス,オリンパス,東証プライム,精密機器,オリンパス
7734,理研計器,リケンケイキ,東証プライム,精密機器,リケンケイキ
7735,ＳＣＲＥＥＮホールディングス,ＳＣＲＥＥＮホールディングス,東証プライム,電気機器,ＳＣＲＥＥＮホールディングス
7739,キヤノン電子,キヤノンデンシ,東証プライム,電気機器,キヤノンデンシ
7740,タムロン,タムロン,東証プライム,精密機器,タムロン
7741,ＨＯＹＡ,ＨＯＹＡ,東証プライム,精密機器,ＨＯＹＡ
7743,シード,シード,東証プライム,精密機器,シード
7744,ノーリツ鋼機,ノーリツコウキ,東証プライム,精密機器,ノーリツコウキ
7745,Ａ＆Ｄホロンホールディングス,Ａ＆Ｄホロンホールディングス,東証プライム,精密機器,Ａ＆Ｄホロンホールディングス
7747,朝日インテック,アサヒインテック,東証プライム,精密機器,アサヒインテック
7751,キヤノン,キヤノン,東証プライム,電気機器,キヤノン
7752,リコー,リコー,東証プライム,電気機器,リコー
7762,シチズン時計,シチズンドケイ,東証プライム,精密機器,シチズンドケイ
7769,リズム,リズム,東証プライム,精密機器,リズム
7780,メニコン,メニコン,東証プライム,精密機器,メニコン
7818,トランザクション,トランザクション,東証プライム,その他製品,トランザクション
7820,ニホンフラッシュ,ニホンフラッシュ,東証プライム,その他製品,ニホンフラッシュ
7821,前田工繊,マエダコウセン,東証プライム,その他製品,マエダコウセン
7826,フルヤ金属,フルヤキンゾク,東証プライム,その他製品,フルヤキンゾク
7832,バンダイナムコホールディングス,バンダイナムコホールディングス,東証プライム,その他製品,バンダイナムコホールディングス
7839,ＳＨＯＥＩ,ＳＨＯＥＩ,東証プライム,その他製品,ＳＨＯＥＩ
7840,フランスベッドホールディングス,フランスベッドホールディングス,東証プライム,その他製品,フランスベッドホールディングス
7844,マーベラス,マーベラス,東証プライム,情報・通信業,マーベラス
7846,パイロットコーポレーション,パイロットコーポレーション,東証プライム,その他製品,パイロットコーポレーション
7856,萩原工業,ハギワラコウギョウ,東証プライム,その他製品,ハギワラコウギョウ
7860,エイベックス,エイベックス,東証プライム,情報・通信業,エイベックス
7864,フジシールインターナショナル,フジシールインターナショナル,東証プライム,その他製品,フジシールインターナショナル
7867,タカラトミー,タカラトミー,東証プライム,その他製品,タカラトミー
7868,広済堂ホールディングス,コウサイドウホールディングス,東証プライム,その他製品,コウサイドウホールディングス
7874,レック,レック,東証プライム,化学,レック
7888,三光合成,サンコウゴウセイ,東証プライム,化学,サンコウゴウセイ
7893,プロネクサス,プロネクサス,東証プライム,その他製品,プロネクサス
7911,ＴＯＰＰＡＮホールディングス,ＴＯＰＰＡＮホールディングス,東証プライム,その他製品,ＴＯＰＰＡＮホールディングス
7912,大日本印刷,ダイニッポンインサツ,東証プライム,その他製品,ダイニッポンインサツ
7914,共同印刷,キョウドウインサツ,東証プライム,その他製品,キョウドウインサツ
7915,ＮＩＳＳＨＡ,ＮＩＳＳＨＡ,東証プライム,その他製品,ＮＩＳＳＨＡ
7917,ＺＡＣＲＯＳ,ＺＡＣＲＯＳ,東証プライム,化学,ＺＡＣＲＯＳ
7921,ＴＡＫＡＲＡ　＆　ＣＯＭＰＡＮＹ,ＴＡＫＡＲＡ　＆　ＣＯＭＰＡＮＹ,東証プライム,その他製品,ＴＡＫＡＲＡ　＆　ＣＯＭＰＡＮＹ
7925,前澤化成工業,マエザワカセイコウギョウ,東証プライム,化学,マエザワカセイコウギョウ
7931,未来工業,ミライコウギョウ,東証プライム,化学,ミライコウギョウ
7936,アシックス,アシックス,東証プライム,その他製品,アシックス
7942,ＪＳＰ,ＪＳＰ,東証プライム,化学,ＪＳＰ
7943,ニチハ,ニチハ,東証プライム,ガラス・土石製品,ニチハ
7944,ローランド,ローランド,東証プライム,その他製品,ローランド
7947,エフピコ,エフピコ,東証プライム,化学,エフピコ
7949,小松ウオール工業,コマツウオールコウギョウ,東証プライム,その他製品,コマツウオールコウギョウ
7951,ヤマハ,ヤマハ,東証プライム,その他製品,ヤマハ
7952,河合楽器製作所,カワイガッキセイサクショ,東証プライム,その他製品,カワイガッキセイサクショ
7955,クリナップ,クリナップ,東証プライム,その他製品,クリナップ
7956,ピジョン,ピジョン,東証プライム,その他製品,ピジョン
7962,キングジム,キングジム,東証プライム,その他製品,キングジム
7965,象印マホービン,ゾウジルシマホービン,東証プライム,電気機器,ゾウジルシマホービン
7966,リンテック,リンテック,東証プライム,その他製品,リンテック
7970,信越ポリマー,シンエツポリマー,東証プライム,化学,シンエツポリマー
7972,イトーキ,イトーキ,東証プライム,その他製品,イトーキ
7974,任天堂,ニンテンドウ,東証プライム,その他製品,ニンテンドウ
7976,三菱鉛筆,ミツビシエンピツ,東証プライム,その他製品,ミツビシエンピツ
7979,松風,マツカゼ,東証プライム,精密機器,マツカゼ
7981,タカラスタンダード,タカラスタンダード,東証プライム,その他製品,タカラスタンダード
7984,コクヨ,コクヨ,東証プライム,その他製品,コクヨ
7988,ニフコ,ニフコ,東証プライム,化学,ニフコ
7989,立川ブラインド工業,タチカワブラインドコウギョウ,東証プライム,金属製品,タチカワブラインドコウギョウ
7990,グローブライド,グローブライド,東証プライム,その他製品,グローブライド
7994,オカムラ,オカムラ,東証プライム,その他製品,オカムラ
7995,バルカー,バルカー,東証プライム,化学,バルカー
8001,伊藤忠商事,イトウチュウショウジ,東証プライム,卸売業,イトウチュウショウジ
8002,丸紅,マルベニ,東証プライム,卸売業,マルベニ
8005,スクロール,スクロール,東証プライム,小売業,スクロール
8007,高島,タカシマ,東証プライム,卸売業,タカシマ
8008,ヨンドシーホールディングス,ヨンドシーホールディングス,東証プライム,小売業,ヨンドシーホールディングス
8011,三陽商会,サンヨウショウカイ,東証プライム,繊維製品,サンヨウショウカイ
8012,長瀬産業,ナガセサンギョウ,東証プライム,卸売業,ナガセサンギョウ
8014,蝶理,チョウリ,東証プライム,卸売業,チョウリ
8015,豊田通商,トヨタツウショウ,東証プライム,卸売業,トヨタツウショウ
8016,オンワードホールディングス,オンワードホールディングス,東証プライム,繊維製品,オンワードホールディングス
8020,兼松,カネマツ,東証プライム,卸売業,カネマツ
8022,美津濃,ミズノ,東証プライム,その他製品,ミズノ
8031,三井物産,ミツイブッサン,東証プライム,卸売業,ミツイブッサン
8032,日本紙パルプ商事,ニホンカミパルプショウジ,東証プライム,卸売業,ニホンカミパルプショウジ
8035,東京エレクトロン,トウキョウエレクトロン,東証プライム,電気機器,トウキョウエレクトロン
8037,カメイ,カメイ,東証プライム,卸売業,カメイ
8043,スターゼン,スターゼン,東証プライム,卸売業,スターゼン
8050,セイコーグループ,セイコーグループ,東証プライム,精密機器,セイコーグループ
8051,山善,ヤマゼン,東証プライム,卸売業,ヤマゼン
8052,椿本興業,ツバキモトコウギョウ,東証プライム,卸売業,ツバキモトコウギョウ
8053,住友商事,スミトモショウジ,東証プライム,卸売業,スミトモショウジ
8056,ＢＩＰＲＯＧＹ,ＢＩＰＲＯＧＹ,東証プライム,情報・通信業,ＢＩＰＲＯＧＹ
8057,内田洋行,ウチダヨウコウ,東証プライム,卸売業,ウチダヨウコウ
8058,三菱商事,ミツビシショウジ,東証プライム,卸売業,ミツビシショウジ
8059,第一実業,ダイイチジツギョウ,東証プライム,卸売業,ダイイチジツギョウ
8060,キヤノンマーケティングジャパン,キヤノンマーケティングジャパン,東証プライム,卸売業,キヤノンマーケティングジャパン
8061,西華産業,セイカサンギョウ,東証プライム,卸売業,セイカサンギョウ
8065,佐藤商事,サトウショウジ,東証プライム,卸売業,サトウショウジ
8070,東京産業,トウキョウサンギョウ,東証プライム,卸売業,トウキョウサンギョウ
8074,ユアサ商事,ユアサショウジ,東証プライム,卸売業,ユアサショウジ
8075,神鋼商事,シンコウショウジ,東証プライム,卸売業,シンコウショウジ
8078,阪和興業,ハンワコウギョウ,東証プライム,卸売業,ハンワコウギョウ
8079,正栄食品工業,ショウエイショクヒンコウギョウ,東証プライム,卸売業,ショウエイショクヒンコウギョウ
8081,カナデン,カナデン,東証プライム,卸売業,カナデン
8084,ＲＹＯＤＥＮ,ＲＹＯＤＥＮ,東証プライム,卸売業,ＲＹＯＤＥＮ
8086,ニプロ,ニプロ,東証プライム,精密機器,ニプロ
8088,岩谷産業,イワタニサンギョウ,東証プライム,卸売業,イワタニサンギョウ
8091,ニチモウ,ニチモウ,東証プライム,卸売業,ニチモウ
8093,極東貿易,キョクトウボウエキ,東証プライム,卸売業,キョクトウボウエキ
8095,アステナホールディングス,アステナホールディングス,東証プライム,卸売業,アステナホールディングス
8097,三愛オブリ,サンアイオブリ,東証プライム,卸売業,サンアイオブリ
8098,稲畑産業,イナバタサンギョウ,東証プライム,卸売業,イナバタサンギョウ
8101,ＧＳＩクレオス,ＧＳＩクレオス,東証プライム,卸売業,ＧＳＩクレオス
8103,明和産業,メイワサンギョウ,東証プライム,卸売業,メイワサンギョウ
8111,ゴールドウイン,ゴールドウイン,東証プライム,繊維製品,ゴールドウイン
8113,ユニ・チャーム,ユニ・チャーム,東証プライム,化学,ユニ・チャーム
8125,ワキタ,ワキタ,東証プライム,卸売業,ワキタ
8129,東邦ホールディングス,トウホウホールディングス,東証プライム,卸売業,トウホウホールディングス
8130,サンゲツ,サンゲツ,東証プライム,卸売業,サンゲツ
8132,シナネンホールディングス,シナネンホールディングス,東証プライム,卸売業,シナネンホールディングス
8133,伊藤忠エネクス,イトウチュウエネクス,東証プライム,卸売業,イトウチュウエネクス
8136,サンリオ,サンリオ,東証プライム,卸売業,サンリオ
8137,サンワテクノス,サンワテクノス,東証プライム,卸売業,サンワテクノス
8141,新光商事,シンコウショウジ,東証プライム,卸売業,シンコウショウジ
8142,トーホー,トーホー,東証プライム,卸売業,トーホー
8150,三信電気,サンシンデンキ,東証プライム,卸売業,サンシンデンキ
8151,東陽テクニカ,トウヨウテクニカ,東証プライム,卸売業,トウヨウテクニカ
8153,モスフードサービス,モスフードサービス,東証プライム,卸売業,モスフードサービス
8154,加賀電子,カガデンシ,東証プライム,卸売業,カガデンシ
8157,都築電気,ツヅキデンキ,東証プライム,情報・通信業,ツヅキデンキ
8158,ソーダニッカ,ソーダニッカ,東証プライム,卸売業,ソーダニッカ
8159,立花エレテック,タチバナエレテック,東証プライム,卸売業,タチバナエレテック
8160,木曽路,キソジ,東証プライム,小売業,キソジ
8163,ＳＲＳホールディングス,ＳＲＳホールディングス,東証プライム,小売業,ＳＲＳホールディングス
8167,リテールパートナーズ,リテールパートナーズ,東証プライム,小売業,リテールパートナーズ
8173,上新電機,ジョウシンデンキ,東証プライム,小売業,ジョウシンデンキ
8174,日本瓦斯,ニホンガス,東証プライム,小売業,ニホンガス
8179,ロイヤルホールディングス,ロイヤルホールディングス,東証プライム,小売業,ロイヤルホールディングス
8185,チヨダ,チヨダ,東証プライム,小売業,チヨダ
8194,ライフコーポレーション,ライフコーポレーション,東証プライム,小売業,ライフコーポレーション
8200,リンガーハット,リンガーハット,東証プライム,小売業,リンガーハット
8203,ＭｒＭａｘＨＤ,ＭｒＭａｘＨＤ,東証プライム,小売業,ＭｒＭａｘＨＤ
8214,ＡＯＫＩホールディングス,ＡＯＫＩホールディングス,東証プライム,小売業,ＡＯＫＩホールディングス
8217,オークワ,オークワ,東証プライム,小売業,オークワ
8218,コメリ,コメリ,東証プライム,小売業,コメリ
8219,青山商事,アオヤマショウジ,東証プライム,小売業,アオヤマショウジ
8227,しまむら,シマムラ,東証プライム,小売業,シマムラ
8233,高島屋,タカシマヤ,東証プライム,小売業,タカシマヤ
8237,松屋,マツヤ,東証プライム,小売業,マツヤ
8242,エイチ・ツー・オー　リテイリング,エイチ・ツー・オー　リテイリング,東証プライム,小売業,エイチ・ツー・オー　リテイリング
8252,丸井グループ,マルイグループ,東証プライム,小売業,マルイグループ
8253,クレディセゾン,クレディセゾン,東証プライム,その他金融業,クレディセゾン
8255,アクシアル　リテイリング,アクシアル　リテイリング,東証プライム,小売業,アクシアル　リテイリング
8267,イオン,イオン,東証プライム,小売業,イオン
8273,イズミ,イズミ,東証プライム,小売業,イズミ
8276,平和堂,ヘイワドウ,東証プライム,小売業,ヘイワドウ
8278,フジ,フジ,東証プライム,小売業,フジ
8281,ゼビオホールディングス,ゼビオホールディングス,東証プライム,小売業,ゼビオホールディングス
8282,ケーズホールディングス,ケーズホールディングス,東証プライム,小売業,ケーズホールディングス
8283,ＰＡＬＴＡＣ,ＰＡＬＴＡＣ,東証プライム,卸売業,ＰＡＬＴＡＣ
8303,ＳＢＩ新生銀行,ＳＢＩシンセイギンコウ,東証プライム,銀行業,ＳＢＩシンセイギンコウ
8304,あおぞら銀行,アオゾラギンコウ,東証プライム,銀行業,アオゾラギンコウ
8306,三菱ＵＦＪフィナンシャル・グループ,ミツビシＵＦＪフィナンシャル・グループ,東証プライム,銀行業,ミツビシＵＦＪフィナンシャル・グループ
8308,りそなホールディングス,リソナホールディングス,東証プライム,銀行業,リソナホールディングス
8309,三井住友トラストグループ,ミツイスミトモトラストグループ,東証プライム,銀行業,ミツイスミトモトラストグループ
8316,三井住友フィナンシャルグループ,ミツイスミトモフィナンシャルグループ,東証プライム,銀行業,ミツイスミトモフィナンシャルグループ
8331,千葉銀行,チバギンコウ,東証プライム,銀行業,チバギンコウ
8334,群馬銀行,グンマギンコウ,東証プライム,銀行業,グンマギンコウ
8336,武蔵野銀行,ムサシノギンコウ,東証プライム,銀行業,ムサシノギンコウ
8337,千葉興業銀行,チバコウギョウギンコウ,東証プライム,銀行業,チバコウギョウギンコウ
8338,筑波銀行,ツクバギンコウ,東証プライム,銀行業,ツクバギンコウ
8341,七十七銀行,シチジュウシチギンコウ,東証プライム,銀行業,シチジュウシチギンコウ
8343,秋田銀行,アキタギンコウ,東証プライム,銀行業,アキタギンコウ
8344,山形銀行,ヤマガタギンコウ,東証プライム,銀行業,ヤマガタギンコウ
8345,岩手銀行,イワテギンコウ,東証プライム,銀行業,イワテギンコウ
8346,東邦銀行,トウホウギンコウ,東証プライム,銀行業,トウホウギンコウ
8354,ふくおかフィナンシャルグループ,フクオカフィナンシャルグループ,東証プライム,銀行業,フクオカフィナンシャルグループ
8358,スルガ銀行,スルガギンコウ,東証プライム,銀行業,スルガギンコウ
8359,八十二長野銀行,ハチジュウニナガノギンコウ,東証プライム,銀行業,ハチジュウニナガノギンコウ
8360,山梨中央銀行,ヤマナシチュウオウギンコウ,東証プライム,銀行業,ヤマナシチュウオウギンコウ
8361,大垣共立銀行,オオガキキョウリツギンコウ,東証プライム,銀行業,オオガキキョウリツギンコウ
8362,福井銀行,フクイギンコウ,東証プライム,銀行業,フクイギンコウ
8364,清水銀行,シミズギンコウ,東証プライム,銀行業,シミズギンコウ
8366,滋賀銀行,シガギンコウ,東証プライム,銀行業,シガギンコウ
8367,南都銀行,ナントギンコウ,東証プライム,銀行業,ナントギンコウ
8368,百五銀行,ヒャクゴギンコウ,東証プライム,銀行業,ヒャクゴギンコウ
8370,紀陽銀行,キヨウギンコウ,東証プライム,銀行業,キヨウギンコウ
8377,ほくほくフィナンシャルグループ,ホクホクフィナンシャルグループ,東証プライム,銀行業,ホクホクフィナンシャルグループ
8381,山陰合同銀行,サンインゴウドウギンコウ,東証プライム,銀行業,サンインゴウドウギンコウ
8386,百十四銀行,ヒャクジュウヨンギンコウ,東証プライム,銀行業,ヒャクジュウヨンギンコウ
8387,四国銀行,シコクギンコウ,東証プライム,銀行業,シコクギンコウ
8388,阿波銀行,アワギンコウ,東証プライム,銀行業,アワギンコウ
8392,大分銀行,オオイタギンコウ,東証プライム,銀行業,オオイタギンコウ
8393,宮崎銀行,ミヤザキギンコウ,東証プライム,銀行業,ミヤザキギンコウ
8395,佐賀銀行,サガギンコウ,東証プライム,銀行業,サガギンコウ
8399,琉球銀行,リュウキュウギンコウ,東証プライム,銀行業,リュウキュウギンコウ
8410,セブン銀行,セブンギンコウ,東証プライム,銀行業,セブンギンコウ
8411,みずほフィナンシャルグループ,ミズホフィナンシャルグループ,東証プライム,銀行業,ミズホフィナンシャルグループ
8418,山口フィナンシャルグループ,ヤマグチフィナンシャルグループ,東証プライム,銀行業,ヤマグチフィナンシャルグループ
8424,芙蓉総合リース,フヨウソウゴウリース,東証プライム,その他金融業,フヨウソウゴウリース
8425,みずほリース,ミズホリース,東証プライム,その他金融業,ミズホリース
8439,東京センチュリー,トウキョウセンチュリー,東証プライム,その他金融業,トウキョウセンチュリー
8473,ＳＢＩホールディングス,ＳＢＩホールディングス,東証プライム,証券、商品先物取引業,ＳＢＩホールディングス
8511,日本証券金融,ニホンショウケンキンユウ,東証プライム,その他金融業,ニホンショウケンキンユウ
8515,アイフル,アイフル,東証プライム,その他金融業,アイフル
8522,名古屋銀行,ナゴヤギンコウ,東証プライム,銀行業,ナゴヤギンコウ
8524,北洋銀行,ホクヨウギンコウ,東証プライム,銀行業,ホクヨウギンコウ
8541,愛媛銀行,エヒメギンコウ,東証プライム,銀行業,エヒメギンコウ
8544,京葉銀行,ケイヨウギンコウ,東証プライム,銀行業,ケイヨウギンコウ
8550,栃木銀行,トチギギンコウ,東証プライム,銀行業,トチギギンコウ
8551,北日本銀行,キタニホンギンコウ,東証プライム,銀行業,キタニホンギンコウ
8558,東和銀行,トウワギンコウ,東証プライム,銀行業,トウワギンコウ
8566,リコーリース,リコーリース,東証プライム,その他金融業,リコーリース
8570,イオンフィナンシャルサービス,イオンフィナンシャルサービス,東証プライム,その他金融業,イオンフィナンシャルサービス
8584,ジャックス,ジャックス,東証プライム,その他金融業,ジャックス
8585,オリエントコーポレーション,オリエントコーポレーション,東証プライム,その他金融業,オリエントコーポレーション
8591,オリックス,オリックス,東証プライム,その他金融業,オリックス
8593,三菱ＨＣキャピタル,ミツビシＨＣキャピタル,東証プライム,その他金融業,ミツビシＨＣキャピタル
8595,ジャフコ　グループ,ジャフコ　グループ,東証プライム,証券、商品先物取引業,ジャフコ　グループ
8600,トモニホールディングス,トモニホールディングス,東証プライム,銀行業,トモニホールディングス
8601,大和証券グループ本社,ダイワショウケングループホンシャ,東証プライム,証券、商品先物取引業,ダイワショウケングループホンシャ
8604,野村ホールディングス,ノムラホールディングス,東証プライム,証券、商品先物取引業,ノムラホールディングス
8609,岡三証券グループ,オカサンショウケングループ,東証プライム,証券、商品先物取引業,オカサンショウケングループ
8613,丸三証券,マルサンショウケン,東証プライム,証券、商品先物取引業,マルサンショウケン
8614,東洋証券,トウヨウショウケン,東証プライム,証券、商品先物取引業,トウヨウショウケン
8616,東海東京フィナンシャル・ホールディングス,トウカイトウキョウフィナンシャル・ホールディングス,東証プライム,証券、商品先物取引業,トウカイトウキョウフィナンシャル・ホールディングス
8622,水戸証券,ミトショウケン,東証プライム,証券、商品先物取引業,ミトショウケン
8624,いちよし証券,イチヨシショウケン,東証プライム,証券、商品先物取引業,イチヨシショウケン
8628,松井証券,マツイショウケン,東証プライム,証券、商品先物取引業,マツイショウケン
8630,ＳＯＭＰＯホールディングス,ＳＯＭＰＯホールディングス,東証プライム,保険業,ＳＯＭＰＯホールディングス
8697,日本取引所グループ,ニホントリヒキジョグループ,東証プライム,その他金融業,ニホントリヒキジョグループ
8698,マネックスグループ,マネックスグループ,東証プライム,証券、商品先物取引業,マネックスグループ
8706,極東証券,キョクトウショウケン,東証プライム,証券、商品先物取引業,キョクトウショウケン
8707,岩井コスモホールディングス,イワイコスモホールディングス,東証プライム,証券、商品先物取引業,イワイコスモホールディングス
8708,アイザワ証券グループ,アイザワショウケングループ,東証プライム,証券、商品先物取引業,アイザワショウケングループ
8713,フィデアホールディングス,フィデアホールディングス,東証プライム,銀行業,フィデアホールディングス
8714,池田泉州ホールディングス,イケダセンシュウホールディングス,東証プライム,銀行業,イケダセンシュウホールディングス
8715,アニコム　ホールディングス,アニコム　ホールディングス,東証プライム,保険業,アニコム　ホールディングス
8725,ＭＳ＆ＡＤインシュアランスグループホールディングス,ＭＳ＆ＡＤインシュアランスグループホールディングス,東証プライム,保険業,ＭＳ＆ＡＤインシュアランスグループホールディングス
8729,ソニーフィナンシャルグループ,ソニーフィナンシャルグループ,東証プライム,保険業,ソニーフィナンシャルグループ
8739,スパークス・グループ,スパークス・グループ,東証プライム,証券、商品先物取引業,スパークス・グループ
8750,第一生命ホールディングス,ダイイチセイメイホールディングス,東証プライム,保険業,ダイイチセイメイホールディングス
8766,東京海上ホールディングス,トウキョウカイジョウホールディングス,東証プライム,保険業,トウキョウカイジョウホールディングス
8771,イー・ギャランティ,イー・ギャランティ,東証プライム,その他金融業,イー・ギャランティ
8793,ＮＥＣキャピタルソリューション,ＮＥＣキャピタルソリューション,東証プライム,その他金融業,ＮＥＣキャピタルソリューション
8795,Ｔ＆Ｄホールディングス,Ｔ＆Ｄホールディングス,東証プライム,保険業,Ｔ＆Ｄホールディングス
8798,アドバンスクリエイト,アドバンスクリエイト,東証プライム,保険業,アドバンスクリエイト
8801,三井不動産,ミツイフドウサン,東証プライム,不動産業,ミツイフドウサン
8802,三菱地所,ミツビシジショ,東証プライム,不動産業,ミツビシジショ
8803,平和不動産,ヘイワフドウサン,東証プライム,不動産業,ヘイワフドウサン
8804,東京建物,トウキョウタテモノ,東証プライム,不動産業,トウキョウタテモノ
8818,京阪神ビルディング,ケイハンシンビルディング,東証プライム,不動産業,ケイハンシンビルディング
8830,住友不動産,スミトモフドウサン,東証プライム,不動産業,スミトモフドウサン
8848,レオパレス２１,レオパレス２１,東証プライム,不動産業,レオパレス２１
8850,スターツコーポレーション,スターツコーポレーション,東証プライム,不動産業,スターツコーポレーション
8860,フジ住宅,フジジュウタク,東証プライム,不動産業,フジジュウタク
8876,リログループ,リログループ,東証プライム,サービス業,リログループ
8877,エスリード,エスリード,東証プライム,不動産業,エスリード
8881,日神グループホールディングス,ニッシングループホールディングス,東証プライム,不動産業,ニッシングループホールディングス
8892,エスコン,エスコン,東証プライム,不動産業,エスコン
8897,ＭＩＲＡＲＴＨホールディングス,ＭＩＲＡＲＴＨホールディングス,東証プライム,不動産業,ＭＩＲＡＲＴＨホールディングス
8919,カチタス,カチタス,東証プライム,不動産業,カチタス
8923,トーセイ,トーセイ,東証プライム,不動産業,トーセイ
8934,サンフロンティア不動産,サンフロンティアフドウサン,東証プライム,不動産業,サンフロンティアフドウサン
8935,ＦＪネクストホールディングス,ＦＪネクストホールディングス,東証プライム,不動産業,ＦＪネクストホールディングス
8999,グランディハウス,グランディハウス,東証プライム,不動産業,グランディハウス
9001,東武鉄道,トウブテツドウ,東証プライム,陸運業,トウブテツドウ
9003,相鉄ホールディングス,ソウテツホールディングス,東証プライム,陸運業,ソウテツホールディングス
9005,東急,トウキュウ,東証プライム,陸運業,トウキュウ
9006,京浜急行電鉄,ケイヒンキュウコウデンテツ,東証プライム,陸運業,ケイヒンキュウコウデンテツ
9007,小田急電鉄,オダキュウデンテツ,東証プライム,陸運業,オダキュウデンテツ
9008,京王電鉄,ケイオウデンテツ,東証プライム,陸運業,ケイオウデンテツ
9009,京成電鉄,ケイセイデンテツ,東証プライム,陸運業,ケイセイデンテツ
9010,富士急行,フジキュウコウ,東証プライム,陸運業,フジキュウコウ
9020,東日本旅客鉄道,ヒガシニホンリョカクテツドウ,東証プライム,陸運業,ヒガシニホンリョカクテツドウ
9021,西日本旅客鉄道,ニシニホンリョカクテツドウ,東証プライム,陸運業,ニシニホンリョカクテツドウ
9022,東海旅客鉄道,トウカイリョカクテツドウ,東証プライム,陸運業,トウカイリョカクテツドウ
9023,東京地下鉄,トウキョウチカテツ,東証プライム,陸運業,トウキョウチカテツ
9024,西武ホールディングス,セイブホールディングス,東証プライム,陸運業,セイブホールディングス
9025,鴻池運輸,コウノイケウンユ,東証プライム,陸運業,コウノイケウンユ
9031,西日本鉄道,ニシニホンテツドウ,東証プライム,陸運業,ニシニホンテツドウ
9037,ハマキョウレックス,ハマキョウレックス,東証プライム,陸運業,ハマキョウレックス
9039,サカイ引越センター,サカイヒッコシセンター,東証プライム,陸運業,サカイヒッコシセンター
9041,近鉄グループホールディングス,キンテツグループホールディングス,東証プライム,陸運業,キンテツグループホールディングス
9042,阪急阪神ホールディングス,ハンキュウハンシンホールディングス,東証プライム,陸運業,ハンキュウハンシンホールディングス
9044,南海電気鉄道,ナンカイデンキテツドウ,東証プライム,陸運業,ナンカイデンキテツドウ
9045,京阪ホールディングス,ケイハンホールディングス,東証プライム,陸運業,ケイハンホールディングス
9046,神戸電鉄,コウベデンテツ,東証プライム,陸運業,コウベデンテツ
9048,名古屋鉄道,ナゴヤテツドウ,東証プライム,陸運業,ナゴヤテツドウ
9052,山陽電気鉄道,サンヨウデンキテツドウ,東証プライム,陸運業,サンヨウデンキテツドウ
9064,ヤマトホールディングス,ヤマトホールディングス,東証プライム,陸運業,ヤマトホールディングス
9065,山九,サンキュウ,東証プライム,陸運業,サンキュウ
9068,丸全昭和運輸,マルゼンショウワウンユ,東証プライム,陸運業,マルゼンショウワウンユ
9069,センコーグループホールディングス,センコーグループホールディングス,東証プライム,陸運業,センコーグループホールディングス
9072,ニッコンホールディングス,ニッコンホールディングス,東証プライム,陸運業,ニッコンホールディングス
9075,福山通運,フクヤマツウウン,東証プライム,陸運業,フクヤマツウウン
9076,セイノーホールディングス,セイノーホールディングス,東証プライム,陸運業,セイノーホールディングス
9081,神奈川中央交通,カナガワチュウオウコウツウ,東証プライム,陸運業,カナガワチュウオウコウツウ
9090,ＡＺ－ＣＯＭ丸和ホールディングス,ＡＺ－ＣＯＭマルワホールディングス,東証プライム,陸運業,ＡＺ－ＣＯＭマルワホールディングス
9101,日本郵船,ニッポンユウセン,東証プライム,海運業,ニッポンユウセン
9104,商船三井,ショウセンミツイ,東証プライム,海運業,ショウセンミツイ
9107,川崎汽船,カワサキキセン,東証プライム,海運業,カワサキキセン
9110,ＮＳユナイテッド海運,ＮＳユナイテッドカイウン,東証プライム,海運業,ＮＳユナイテッドカイウン
9119,飯野海運,イイノカイウン,東証プライム,海運業,イイノカイウン
9142,九州旅客鉄道,キュウシュウリョカクテツドウ,東証プライム,陸運業,キュウシュウリョカクテツドウ
9143,ＳＧホールディングス,ＳＧホールディングス,東証プライム,陸運業,ＳＧホールディングス
9147,ＮＩＰＰＯＮ　ＥＸＰＲＥＳＳホールディングス,ＮＩＰＰＯＮ　ＥＸＰＲＥＳＳホールディングス,東証プライム,陸運業,ＮＩＰＰＯＮ　ＥＸＰＲＥＳＳホールディングス
9201,日本航空,ニホンコウクウ,東証プライム,空運業,ニホンコウクウ
9202,ＡＮＡホールディングス,ＡＮＡホールディングス,東証プライム,空運業,ＡＮＡホールディングス
92025,ＡＮＡホールディングス第１回社債型種類株式,ＡＮＡホールディングスダイ１カイシャサイガタシュルイカブシキ,東証プライム,空運業,ＡＮＡホールディングスダイ１カイシャサイガタシュルイカブシキ
9216,ビーウィズ,ビーウィズ,東証プライム,サービス業,ビーウィズ
9229,サンウェルズ,サンウェルズ,東証プライム,サービス業,サンウェルズ
9247,ＴＲＥホールディングス,ＴＲＥホールディングス,東証プライム,サービス業,ＴＲＥホールディングス
9267,Ｇｅｎｋｙ　ＤｒｕｇＳｔｏｒｅｓ,Ｇｅｎｋｙ　ＤｒｕｇＳｔｏｒｅｓ,東証プライム,小売業,Ｇｅｎｋｙ　ＤｒｕｇＳｔｏｒｅｓ
9273,コーア商事ホールディングス,コーアショウジホールディングス,東証プライム,卸売業,コーアショウジホールディングス
9274,ＫＰＰグループホールディングス,ＫＰＰグループホールディングス,東証プライム,卸売業,ＫＰＰグループホールディングス
9278,ブックオフグループホールディングス,ブックオフグループホールディングス,東証プライム,小売業,ブックオフグループホールディングス
9279,ギフトホールディングス,ギフトホールディングス,東証プライム,小売業,ギフトホールディングス
9301,三菱倉庫,ミツビシソウコ,東証プライム,倉庫・運輸関連業,ミツビシソウコ
9302,三井倉庫ホールディングス,ミツイソウコホールディングス,東証プライム,倉庫・運輸関連業,ミツイソウコホールディングス
9303,住友倉庫,スミトモソウコ,東証プライム,倉庫・運輸関連業,スミトモソウコ
9304,澁澤倉庫,シブサワソウコ,東証プライム,倉庫・運輸関連業,シブサワソウコ
9305,ヤマタネ,ヤマタネ,東証プライム,卸売業,ヤマタネ
9310,日本トランスシティ,ニホントランスシティ,東証プライム,倉庫・運輸関連業,ニホントランスシティ
9319,中央倉庫,チュウオウソウコ,東証プライム,倉庫・運輸関連業,チュウオウソウコ
9324,安田倉庫,ヤスダソウコ,東証プライム,倉庫・運輸関連業,ヤスダソウコ
9332,ＮＩＳＳＯホールディングス,ＮＩＳＳＯホールディングス,東証プライム,サービス業,ＮＩＳＳＯホールディングス
9336,大栄環境,ダイエイカンキョウ,東証プライム,サービス業,ダイエイカンキョウ
9341,ＧＥＮＯＶＡ,ＧＥＮＯＶＡ,東証プライム,サービス業,ＧＥＮＯＶＡ
9347,日本管財ホールディングス,ニホンカンザイホールディングス,東証プライム,サービス業,ニホンカンザイホールディングス
9364,上組,ウエグミ,東証プライム,倉庫・運輸関連業,ウエグミ
9381,エーアイテイー,エーアイテイー,東証プライム,倉庫・運輸関連業,エーアイテイー
9401,ＴＢＳホールディングス,ＴＢＳホールディングス,東証プライム,情報・通信業,ＴＢＳホールディングス
9404,日本テレビホールディングス,ニホンテレビホールディングス,東証プライム,情報・通信業,ニホンテレビホールディングス
9405,朝日放送グループホールディングス,アサヒホウソウグループホールディングス,東証プライム,情報・通信業,アサヒホウソウグループホールディングス
9409,テレビ朝日ホールディングス,テレビアサヒホールディングス,東証プライム,情報・通信業,テレビアサヒホールディングス
9412,スカパーＪＳＡＴホールディングス,スカパーＪＳＡＴホールディングス,東証プライム,情報・通信業,スカパーＪＳＡＴホールディングス
9413,テレビ東京ホールディングス,テレビトウキョウホールディングス,東証プライム,情報・通信業,テレビトウキョウホールディングス
9416,ビジョン,ビジョン,東証プライム,情報・通信業,ビジョン
9418,Ｕ－ＮＥＸＴ　ＨＯＬＤＩＮＧＳ,Ｕ－ＮＥＸＴ　ＨＯＬＤＩＮＧＳ,東証プライム,情報・通信業,Ｕ－ＮＥＸＴ　ＨＯＬＤＩＮＧＳ
9424,日本通信,ニホンツウシン,東証プライム,情報・通信業,ニホンツウシン
9432,ＮＴＴ,ＮＴＴ,東証プライム,情報・通信業,ＮＴＴ
9433,ＫＤＤＩ,ＫＤＤＩ,東証プライム,情報・通信業,ＫＤＤＩ
9434,ソフトバンク,ソフトバンク,東証プライム,情報・通信業,ソフトバンク
94345,ソフトバンク第１回社債型種類株式,ソフトバンクダイ１カイシャサイガタシュルイカブシキ,東証プライム,情報・通信業,ソフトバンクダイ１カイシャサイガタシュルイカブシキ
94346,ソフトバンク第２回社債型種類株式,ソフトバンクダイ２カイシャサイガタシュルイカブシキ,東証プライム,情報・通信業,ソフトバンクダイ２カイシャサイガタシュルイカブシキ
9435,光通信,ヒカリツウシン,東証プライム,情報・通信業,ヒカリツウシン
9438,エムティーアイ,エムティーアイ,東証プライム,情報・通信業,エムティーアイ
9449,ＧＭＯインターネットグループ,ＧＭＯインターネットグループ,東証プライム,情報・通信業,ＧＭＯインターネットグループ
9468,ＫＡＤＯＫＡＷＡ,ＫＡＤＯＫＡＷＡ,東証プライム,情報・通信業,ＫＡＤＯＫＡＷＡ
9470,学研ホールディングス,ガッケンホールディングス,東証プライム,情報・通信業,ガッケンホールディングス
9474,ゼンリン,ゼンリン,東証プライム,情報・通信業,ゼンリン
9501,東京電力ホールディングス,トウキョウデンリョクホールディングス,東証プライム,電気・ガス業,トウキョウデンリョクホールディングス
9502,中部電力,チュウブデンリョク,東証プライム,電気・ガス業,チュウブデンリョク
9503,関西電力,カンサイデンリョク,東証プライム,電気・ガス業,カンサイデンリョク
9504,中国電力,チュウゴクデンリョク,東証プライム,電気・ガス業,チュウゴクデンリョク
9505,北陸電力,ホクリクデンリョク,東証プライム,電気・ガス業,ホクリクデンリョク
9506,東北電力,トウホクデンリョク,東証プライム,電気・ガス業,トウホクデンリョク
9507,四国電力,シコクデンリョク,東証プライム,電気・ガス業,シコクデンリョク
9508,九州電力,キュウシュウデンリョク,東証プライム,電気・ガス業,キュウシュウデンリョク
9509,北海道電力,ホッカイドウデンリョク,東証プライム,電気・ガス業,ホッカイドウデンリョク
9511,沖縄電力,オキナワデンリョク,東証プライム,電気・ガス業,オキナワデンリョク
9513,電源開発,デンゲンカイハツ,東証プライム,電気・ガス業,デンゲンカイハツ
9517,イーレックス,イーレックス,東証プライム,電気・ガス業,イーレックス
9519,レノバ,レノバ,東証プライム,電気・ガス業,レノバ
9531,東京瓦斯,トウキョウガス,東証プライム,電気・ガス業,トウキョウガス
9532,大阪瓦斯,オオサカガス,東証プライム,電気・ガス業,オオサカガス
9533,東邦瓦斯,トウホウガス,東証プライム,電気・ガス業,トウホウガス
9534,北海道瓦斯,ホッカイドウガス,東証プライム,電気・ガス業,ホッカイドウガス
9535,広島ガス,ヒロシマガス,東証プライム,電気・ガス業,ヒロシマガス
9536,西部ガスホールディングス,サイブガスホールディングス,東証プライム,電気・ガス業,サイブガスホールディングス
9543,静岡ガス,シズオカガス,東証プライム,電気・ガス業,シズオカガス
9551,メタウォーター,メタウォーター,東証プライム,電気・ガス業,メタウォーター
9552,クオンツ総研ホールディングス,クオンツソウケンホールディングス,東証プライム,サービス業,クオンツソウケンホールディングス
9601,松竹,ショウチク,東証プライム,情報・通信業,ショウチク
9602,東宝,トウホウ,東証プライム,情報・通信業,トウホウ
9603,エイチ・アイ・エス,エイチ・アイ・エス,東証プライム,サービス業,エイチ・アイ・エス
9605,東映,トウエイ,東証プライム,情報・通信業,トウエイ
9612,ラックランド,ラックランド,東証プライム,サービス業,ラックランド
9616,共立メンテナンス,キョウリツメンテナンス,東証プライム,サービス業,キョウリツメンテナンス
9619,イチネンホールディングス,イチネンホールディングス,東証プライム,サービス業,イチネンホールディングス
9621,建設技術研究所,ケンセツギジュツケンキュウショ,東証プライム,サービス業,ケンセツギジュツケンキュウショ
9622,スペース,スペース,東証プライム,サービス業,スペース
9627,アインホールディングス,アインホールディングス,東証プライム,小売業,アインホールディングス
9628,燦ホールディングス,サンホールディングス,東証プライム,サービス業,サンホールディングス
9629,ピー・シー・エー,ピー・シー・エー,東証プライム,情報・通信業,ピー・シー・エー
9644,タナベコンサルティンググループ,タナベコンサルティンググループ,東証プライム,サービス業,タナベコンサルティンググループ
9658,ビジネスブレイン太田昭和,ビジネスブレインオオタアキカズ,東証プライム,情報・通信業,ビジネスブレインオオタアキカズ
9663,ナガワ,ナガワ,東証プライム,サービス業,ナガワ
9672,東京都競馬,トウキョウトケイバ,東証プライム,サービス業,トウキョウトケイバ
9678,カナモト,カナモト,東証プライム,サービス業,カナモト
9682,ＤＴＳ,ＤＴＳ,東証プライム,情報・通信業,ＤＴＳ
9684,スクウェア・エニックス・ホールディングス,スクウェア・エニックス・ホールディングス,東証プライム,情報・通信業,スクウェア・エニックス・ホールディングス
9692,シーイーシー,シーイーシー,東証プライム,情報・通信業,シーイーシー
9697,カプコン,カプコン,東証プライム,情報・通信業,カプコン
9699,ニシオホールディングス,ニシオホールディングス,東証プライム,サービス業,ニシオホールディングス
9702,アイ・エス・ビー,アイ・エス・ビー,東証プライム,情報・通信業,アイ・エス・ビー
9706,日本空港ビルデング,ニホンクウコウビルデング,東証プライム,不動産業,ニホンクウコウビルデング
9715,トランス・コスモス,トランス・コスモス,東証プライム,サービス業,トランス・コスモス
9716,乃村工藝社,ノムラコウゲイシャ,東証プライム,サービス業,ノムラコウゲイシャ
9719,ＳＣＳＫ,ＳＣＳＫ,東証プライム,情報・通信業,ＳＣＳＫ
9722,藤田観光,フジタカンコウ,東証プライム,サービス業,フジタカンコウ
9729,トーカイ,トーカイ,東証プライム,サービス業,トーカイ
9735,セコム,セコム,東証プライム,サービス業,セコム
9739,ＮＳＷ,ＮＳＷ,東証プライム,情報・通信業,ＮＳＷ
9740,セントラル警備保障,セントラルケイビホショウ,東証プライム,サービス業,セントラルケイビホショウ
9742,アイネス,アイネス,東証プライム,情報・通信業,アイネス
9743,丹青社,タンセイシャ,東証プライム,サービス業,タンセイシャ
9744,メイテックグループホールディングス,メイテックグループホールディングス,東証プライム,サービス業,メイテックグループホールディングス
9746,ＴＫＣ,ＴＫＣ,東証プライム,情報・通信業,ＴＫＣ
9755,応用地質,オウヨウチシツ,東証プライム,サービス業,オウヨウチシツ
9757,船井総研ホールディングス,フナイソウケンホールディングス,東証プライム,サービス業,フナイソウケンホールディングス
9759,ＮＳＤ,ＮＳＤ,東証プライム,情報・通信業,ＮＳＤ
9765,オオバ,オオバ,東証プライム,サービス業,オオバ
9766,コナミグループ,コナミグループ,東証プライム,情報・通信業,コナミグループ
9769,学究社,ガッキュウシャ,東証プライム,サービス業,ガッキュウシャ
9788,ナック,ナック,東証プライム,サービス業,ナック
9790,福井コンピュータホールディングス,フクイコンピュータホールディングス,東証プライム,情報・通信業,フクイコンピュータホールディングス
9793,ダイセキ,ダイセキ,東証プライム,サービス業,ダイセキ
9795,ステップ,ステップ,東証プライム,サービス業,ステップ
9824,泉州電業,センシュウデンギョウ,東証プライム,卸売業,センシュウデンギョウ
9830,トラスコ中山,トラスコナカヤマ,東証プライム,卸売業,トラスコナカヤマ
9831,ヤマダホールディングス,ヤマダホールディングス,東証プライム,小売業,ヤマダホールディングス
9832,オートバックスセブン,オートバックスセブン,東証プライム,卸売業,オートバックスセブン
9837,モリト,モリト,東証プライム,卸売業,モリト
9842,アークランズ,アークランズ,東証プライム,小売業,アークランズ
9843,ニトリホールディングス,ニトリホールディングス,東証プライム,小売業,ニトリホールディングス
9850,グルメ杵屋,グルメキネヤ,東証プライム,小売業,グルメキネヤ
9861,吉野家ホールディングス,ヨシノヤホールディングス,東証プライム,小売業,ヨシノヤホールディングス
9869,加藤産業,カトウサンギョウ,東証プライム,卸売業,カトウサンギョウ
9880,イノテック,イノテック,東証プライム,電気機器,イノテック
9882,イエローハット,イエローハット,東証プライム,卸売業,イエローハット
9887,松屋フーズホールディングス,マツヤフーズホールディングス,東証プライム,小売業,マツヤフーズホールディングス
9889,ＪＢＣＣホールディングス,ＪＢＣＣホールディングス,東証プライム,情報・通信業,ＪＢＣＣホールディングス
9900,サガミホールディングス,サガミホールディングス,東証プライム,小売業,サガミホールディングス
9902,日伝,ニチデン,東証プライム,卸売業,ニチデン
9928,ミロク情報サービス,ミロクジョウホウサービス,東証プライム,情報・通信業,ミロクジョウホウサービス
9932,杉本商事,スギモトショウジ,東証プライム,卸売業,スギモトショウジ
9934,因幡電機産業,イナバデンキサンギョウ,東証プライム,卸売業,イナバデンキサンギョウ
9936,王将フードサービス,オウショウフードサービス,東証プライム,小売業,オウショウフードサービス
9946,ミニストップ,ミニストップ,東証プライム,小売業,ミニストップ
9948,アークス,アークス,東証プライム,小売業,アークス
9956,バローホールディングス,バローホールディングス,東証プライム,小売業,バローホールディングス
9960,東テク,トウテク,東証プライム,卸売業,トウテク
9962,ミスミグループ本社,ミスミグループホンシャ,東証プライム,卸売業,ミスミグループホンシャ
9974,ベルク,ベルク,東証プライム,小売業,ベルク
9983,ファーストリテイリング,ファーストリテイリング,東証プライム,小売業,ファーストリテイリング
9984,ソフトバンクグループ,ソフトバンクグループ,東証プライム,情報・通信業,ソフトバンクグループ
9987,スズケン,スズケン,東証プライム,卸売業,スズケン
9989,サンドラッグ,サンドラッグ,東証プライム,小売業,サンドラッグ
9990,サックスバー　ホールディングス,サックスバー　ホールディングス,東証プライム,小売業,サックスバー　ホールディングス
9991,ジェコス,ジェコス,東証プライム,卸売業,ジェコス
9997,ベルーナ,ベルーナ,東証プライム,小売業,ベルーナ
